# JPL Horizons, venus (COMMAND=299)
# center=SSB(500@0) frame=ICRF/FRAME units=KM-S corr=NONE
# jdtdb,x_km,y_km,z_km,vx_kms,vy_kms,vz_kms
2451545.000000000,-1.085242008575715E+08,-7.318564959678600E+06,3.548121861333776E+06,1.391218601189967E+00,-3.202951993781091E+01,-1.449708673947320E+01
2451575.000000000,-6.940891795830749E+07,-7.857957933343911E+07,-3.098513293158023E+07,2.692311128372304E+01,-1.970995383358615E+01,-1.057049818300056E+01
2451605.000000000,1.506338500220737E+07,-9.821865884253716E+07,-4.516485093898371E+07,3.441228963962617E+01,5.387055059727247E+00,2.463472644220042E-01
2451635.000000000,8.911300493310186E+07,-5.395188332769609E+07,-2.993456157482393E+07,1.940643203961762E+01,2.676988660525943E+01,1.081586765718328E+01
2451665.000000000,1.044014083012162E+08,2.514475304105461E+07,4.684019141413683E+06,-8.344734703573913E+00,3.070001953416706E+01,1.434026237911670E+01
2451695.000000000,5.041203237904099E+07,8.724314369855183E+07,3.603968528956957E+07,-3.090541945045576E+01,1.432967572713395E+01,8.403259421124817E+00
2451725.000000000,-3.771627446165141E+07,9.068437829393473E+07,4.316683523598571E+07,-3.300709846963650E+01,-1.188731013285026E+01,-3.258398005915828E+00
2451755.000000000,-1.009503560538233E+08,3.259153181611013E+07,2.103516622849433E+07,-1.283343921801805E+01,-3.022395286398598E+01,-1.278452697584279E+01
2451785.000000000,-9.673941673174885E+07,-4.792997920849869E+07,-1.545521633259881E+07,1.582734498149729E+01,-2.817976368625590E+01,-1.367871361705693E+01
2451815.000000000,-2.853745522951524E+07,-9.703380407439692E+07,-4.186096609626380E+07,3.363750809841990E+01,-7.524318218007919E+00,-5.513246075707152E+00
2451845.000000000,5.801125580809548E+07,-8.283108805226070E+07,-4.094704240161738E+07,2.925283055250010E+01,1.780487804886422E+01,6.159517801307741E+00
2451875.000000000,1.062708269577195E+08,-1.505176788598997E+07,-1.350651523222772E+07,5.801096477905062E+00,3.145668984977083E+01,1.378547130353326E+01
2451905.000000000,8.451492666132498E+07,6.205203285953302E+07,2.256001915927202E+07,-2.166584350741707E+01,2.452020642725111E+01,1.240312851772216E+01
2451935.000000000,6.384986149238158E+06,9.747014670903543E+07,4.344042590924036E+07,-3.505029098703773E+01,1.114406620560025E+00,2.720216267086465E+00
2451965.000000000,-7.636394253706613E+07,6.692686586121002E+07,3.493795209708636E+07,-2.492886903719917E+01,-2.328249834573291E+01,-8.896205001380871E+00
2451995.000000000,-1.079611663168278E+08,-9.308556774688289E+06,2.641847753943910E+06,1.987522473799435E+00,-3.197896422968993E+01,-1.451215101372163E+01
2452025.000000000,-6.751740287021731E+07,-7.990056337608409E+07,-3.167476271742683E+07,2.729223151888978E+01,-1.927690078074972E+01,-1.039913184932340E+01
2452055.000000000,1.733833136544777E+07,-9.822074762634057E+07,-4.528551854098868E+07,3.432504823203015E+01,5.912828177876206E+00,4.884191345384076E-01
2452085.000000000,9.061325417749920E+07,-5.284045285324237E+07,-2.950505827266554E+07,1.893105594355611E+01,2.705578749377300E+01,1.097469612733754E+01
2452115.000000000,1.044812040513387E+08,2.646661501875567E+07,5.298441858580675E+06,-8.902679287222215E+00,3.056672761534770E+01,1.431573864060455E+01
2452145.000000000,4.934421209755350E+07,8.773435116863874E+07,3.635326372066860E+07,-3.117874661424638E+01,1.385843237058185E+01,8.208577858985032E+00
2452175.000000000,-3.887716504105059E+07,8.984066528640503E+07,4.288560218047424E+07,-3.279813030551458E+01,-1.238253598233782E+01,-3.494552665986753E+00
2452205.000000000,-1.010526018724578E+08,3.082420631898686E+07,2.027090026920295E+07,-1.227564351850629E+01,-3.039580704639102E+01,-1.289738911337242E+01
2452235.000000000,-9.534952414563416E+07,-4.955836190118063E+07,-1.625206538813070E+07,1.635054389972092E+01,-2.790825718867010E+01,-1.358991995322260E+01
2452265.000000000,-2.623239467287394E+07,-9.756174161382188E+07,-4.222116741962354E+07,3.378128408459278E+01,-6.997884101630343E+00,-5.285649557948010E+00
2452295.000000000,6.007744804240949E+07,-8.203223001445678E+07,-4.069542272969144E+07,2.893759268536038E+01,1.824480527854776E+01,6.377362095716627E+00
2452325.000000000,1.071245294974791E+08,-1.354024460478021E+07,-1.285752682950619E+07,5.233899430733059E+00,3.153627713783343E+01,1.385719027369290E+01
2452355.000000000,8.396167850516105E+07,6.321763096976375E+07,2.314239599783029E+07,-2.212091710961791E+01,2.418811473606132E+01,1.228246881395106E+01
2452385.000000000,5.152373480523475E+06,9.744899185042559E+07,4.353155701930121E+07,-3.508550249551544E+01,5.853633450727629E-01,2.484226016964400E+00
2452415.000000000,-7.706720983219402E+07,6.567190200718431E+07,3.443978133014803E+07,-2.450884127049933E+01,-2.364528539379512E+01,-9.086336735493695E+00
2452445.000000000,-1.072711158083875E+08,-1.098283247615783E+07,1.865976874594110E+06,2.575878924709100E+00,-3.191946068539152E+01,-1.452292520037990E+01
2452475.000000000,-6.552492454722635E+07,-8.088594939309961E+07,-3.222379033901167E+07,2.764948488467524E+01,-1.883784716599214E+01,-1.022442298035935E+01
2452505.000000000,1.968031708705010E+07,-9.787712065299842E+07,-4.525924278245600E+07,3.422377250766590E+01,6.440242321065971E+00,7.319299800030298E-01
2452535.000000000,9.214374121672790E+07,-5.138624739257409E+07,-2.892824949286879E+07,1.844200667525612E+01,2.733749423776148E+01,1.113219968427468E+01
2452565.000000000,1.045629243284247E+08,2.811262763600152E+07,6.052740831341526E+06,-9.467420625541433E+00,3.042391267028626E+01,1.428703859725595E+01
2452595.000000000,4.827637748041948E+07,8.852668121276778E+07,3.679575620551176E+07,-3.144688923426001E+01,1.338103818678304E+01,8.010564089978871E+00
2452625.000000000,-4.001845887975800E+07,8.929809155811235E+07,4.273149383174486E+07,-3.258225995506279E+01,-1.287114485251373E+01,-3.728366428742214E+00
2452655.000000000,-1.011330209201817E+08,2.938526294178974E+07,1.964537559011136E+07,-1.172421354362933E+01,-3.055591481064708E+01,-1.300475202940712E+01
2452685.000000000,-9.396867478648326E+07,-5.083710090805437E+07,-1.689914199388551E+07,1.685853573520228E+01,-2.763327737207009E+01,-1.349879098601945E+01
2452715.000000000,-2.397345628898927E+07,-9.774149058431718E+07,-4.243039945587511E+07,3.391275097177838E+01,-6.474699999275380E+00,-5.058929099995917E+00
2452745.000000000,6.206981129280262E+07,-8.089467084030481E+07,-4.029584908063501E+07,2.861232799490748E+01,1.868097818148249E+01,6.593960609116909E+00
2452775.000000000,1.078772401568322E+08,-1.170308429929073E+07,-1.206522346016751E+07,4.656216751739390E+00,3.160853720742578E+01,1.392609887107351E+01
2452805.000000000,8.328779366663879E+07,6.468232289706043E+07,2.385695920845093E+07,-2.257885128735364E+01,2.384379007251379E+01,1.215633346577420E+01
2452835.000000000,3.807810236402934E+06,9.770057045695975E+07,4.374210365830348E+07,-3.511218076670881E+01,5.057054243320896E-02,2.244981641637697E+00
2452865.000000000,-7.786032320311578E+07,6.469217174520706E+07,3.406043281734437E+07,-2.408342354757800E+01,-2.400109331039088E+01,-9.273795942502719E+00
2452895.000000000,-1.066748136813995E+08,-1.235925227160349E+07,1.218953753676218E+06,3.155811876919446E+00,-3.185205631937543E+01,-1.452980713317080E+01
2452925.000000000,-6.365866433008477E+07,-8.156383391535801E+07,-3.263815746928649E+07,2.799214194188264E+01,-1.839972424914681E+01,-1.004943389368270E+01
2452955.000000000,2.186122579827487E+07,-9.723825725689355E+07,-4.510207949265600E+07,3.411106799554484E+01,6.960012001568500E+00,9.726052856247124E-01
2452985.000000000,9.349002137053220E+07,-4.966013112168079E+07,-2.822974208890133E+07,1.794644068347981E+01,2.760932736845192E+01,1.128566141670401E+01
2453015.000000000,1.044494057961197E+08,3.000398251449745E+07,6.917466149441822E+06,-1.003412723038447E+01,3.027067660464035E+01,1.425374101763918E+01
2453045.000000000,4.701408030196618E+07,8.953873769273022E+07,3.733684152580974E+07,-3.171258894170976E+01,1.289478617273938E+01,7.808262183080449E+00
2453075.000000000,-4.134313663508466E+07,8.895728993494919E+07,4.266686346717215E+07,-3.236052849799864E+01,-1.336432604114408E+01,-3.964699385821052E+00
2453105.000000000,-1.013803659295135E+08,2.814453943175362E+07,1.910657659530345E+07,-1.116691827954950E+01,-3.071389612889709E+01,-1.311153091697859E+01
2453135.000000000,-9.274761721676964E+07,-5.190401292576279E+07,-1.745377880521993E+07,1.736481163792176E+01,-2.735082236363171E+01,-1.340416867588874E+01
2453165.000000000,-2.189408682119701E+07,-9.769274858488117E+07,-4.253843549553081E+07,3.403101664180584E+01,-5.948175882974491E+00,-4.829890273333124E+00
2453195.000000000,6.384247435823810E+07,-7.953592875071724E+07,-3.979591842244910E+07,2.827194573776627E+01,1.910777483084794E+01,6.807249284457088E+00
2453225.000000000,1.083847943004588E+08,-9.680237485694867E+06,-1.118708098716081E+07,4.075373860693285E+00,3.166510536623951E+01,1.398807450603686E+01
2453255.000000000,8.237577756128371E+07,6.629901924483393E+07,2.464156368949439E+07,-2.303006934566310E+01,2.349066741350214E+01,1.202573994670723E+01
2453285.000000000,2.242158553376941E+06,9.809254449172638E+07,4.401623508094569E+07,-3.513378960445660E+01,-4.854743292619814E-01,2.004814346531658E+00
2453315.000000000,-7.886598851431079E+07,6.385196959535075E+07,3.374371484639383E+07,-2.365576729615427E+01,-2.435684712658143E+01,-9.461350916656425E+00
2453345.000000000,-1.062855632353019E+08,-1.359338685348066E+07,6.355747498958930E+05,3.737373020847359E+00,-3.178186925581075E+01,-1.453547479282052E+01
2453375.000000000,-6.200280828943370E+07,-8.208715060960177E+07,-3.298296925744671E+07,2.832915380803466E+01,-1.795584203743287E+01,-9.871437042967267E+00
2453405.000000000,2.380358509401578E+07,-9.643659636306135E+07,-4.486977884554084E+07,3.398338227378171E+01,7.478396082784165E+00,1.213617931780841E+00
2453435.000000000,9.456036793623906E+07,-4.779143081378947E+07,-2.746284861481561E+07,1.743977952201238E+01,2.786758651481337E+01,1.143369206921410E+01
2453465.000000000,1.040490977868874E+08,3.199802832051902E+07,7.833252824949848E+06,-1.059791722012486E+01,3.010282234911597E+01,1.421367473039638E+01
2453495.000000000,4.548424968810458E+07,9.062766722335343E+07,3.791623003076534E+07,-3.196852901168681E+01,1.240399068476110E+01,7.603355441888625E+00
2453525.000000000,-4.291442116888201E+07,8.869357079038064E+07,4.263944477433760E+07,-3.213371706639911E+01,-1.385396212461176E+01,-4.199716584321288E+00
2453555.000000000,-1.018711248639520E+08,2.699256807114225E+07,1.861011883371597E+07,-1.061200692612703E+01,-3.086743737050431E+01,-1.321613636533856E+01
2453585.000000000,-9.178314012267406E+07,-5.287415373231868E+07,-1.796154828919756E+07,1.786378356094355E+01,-2.706695782881330E+01,-1.330840232033522E+01
2453615.000000000,-2.009373071951495E+07,-9.754889346958888E+07,-4.259875364585042E+07,3.413978055592918E+01,-5.424425433763492E+00,-4.601417466627346E+00
2453645.000000000,6.531217022263310E+07,-7.809489951518542E+07,-3.925236452896492E+07,2.792302938710040E+01,1.952748673548460E+01,7.017928764682065E+00
2453675.000000000,1.085709993110819E+08,-7.598715775338534E+06,-1.027470107092067E+07,3.489332892450992E+00,3.171061318670692E+01,1.404543242800601E+01
2453705.000000000,8.113720117052153E+07,6.794222921486805E+07,2.544639003814917E+07,-2.347939307491385E+01,2.312452224383949E+01,1.188923999082516E+01
2453735.000000000,3.664869220830025E+05,9.848219390610744E+07,4.429681797984108E+07,-3.514506573135668E+01,-1.029156602847463E+00,1.760669963532536E+00
2453765.000000000,-8.015300699257417E+07,6.300501600399764E+07,3.342989268359239E+07,-2.321878656608242E+01,-2.470818070269793E+01,-9.647435307518116E+00
2453795.000000000,-1.061698301520904E+08,-1.481410861975598E+07,6.384366537894681E+04,4.314539581553891E+00,-3.170323082396402E+01,-1.453698418053577E+01
2453825.000000000,-6.064650501958331E+07,-8.258708223330146E+07,-3.330973138589416E+07,2.865302369615421E+01,-1.751424969282248E+01,-9.693509024925055E+00
2453855.000000000,2.541837526995150E+07,-9.563207263996013E+07,-4.462649756651078E+07,3.384902181430679E+01,7.984925051234683E+00,1.449887585280504E+00
2453885.000000000,9.529768588998023E+07,-4.595096993635782E+07,-2.669818228055710E+07,1.693452696047320E+01,2.811496930268092E+01,1.157690371390213E+01
2453915.000000000,1.033222644594547E+08,3.393932198643527E+07,8.735753223827299E+06,-1.115869421266897E+01,2.992625125603778E+01,1.416962313817648E+01
2453945.000000000,4.363917350766285E+07,9.164044871008238E+07,3.847136831291459E+07,-3.221773501555448E+01,1.190412164137135E+01,7.394028471826019E+00
2453975.000000000,-4.477477918948088E+07,8.833640165127173E+07,4.257854210797859E+07,-3.189421841968196E+01,-1.434622734437823E+01,-4.436641411452030E+00
2454005.000000000,-1.026221598325298E+08,2.575487766707092E+07,1.808206554047382E+07,-1.005018129872103E+01,-3.101314910231090E+01,-1.331754883310541E+01
2454035.000000000,-9.107982681386910E+07,-5.390859794934078E+07,-1.849087477303242E+07,1.835548222509091E+01,-2.677720690316734E+01,-1.320936702169675E+01
2454065.000000000,-1.858104055101378E+07,-9.747000238463487E+07,-4.267877514819816E+07,3.423811523098863E+01,-4.907414959749516E+00,-4.375112404089524E+00
2454095.000000000,6.647756555125625E+07,-7.674770767182231E+07,-3.873986432119849E+07,2.757270554170897E+01,1.993347055034834E+01,7.222762185873682E+00
2454125.000000000,1.084617724912613E+08,-5.644854183891976E+06,-9.408557135470714E+06,2.910710166584749E+00,3.174483855284150E+01,1.409745034153394E+01
2454155.000000000,7.962789866190358E+07,6.943550385050473E+07,2.619381872139229E+07,-2.391783497710191E+01,2.275248639992629E+01,1.174951896146294E+01
2454185.000000000,-1.750893041619930E+06,9.871313416909352E+07,4.451444281552356E+07,-3.514524245680519E+01,-1.573846379333479E+00,1.515446843235610E+00
2454215.000000000,-8.165573055624382E+07,6.200159802677012E+07,3.305283717196275E+07,-2.277333002278728E+01,-2.505713716755861E+01,-9.832768326484242E+00
2454245.000000000,-1.062531340320082E+08,-1.618267781033735E+07,-5.676374971038094E+05,4.895996336112792E+00,-3.162047721897398E+01,-1.453665230257096E+01
2454275.000000000,-5.948487162987205E+07,-8.322324125715941E+07,-3.369070517036726E+07,2.897560425597471E+01,-1.706829155432161E+01,-9.513353507577122E+00
2454305.000000000,2.682670338760155E+07,-9.495739234616697E+07,-4.443345052974311E+07,3.370728889804810E+01,8.490840515452849E+00,1.686451152226023E+00
2454335.000000000,9.580889942318928E+07,-4.425483652671496E+07,-2.598874284512012E+07,1.642354167144195E+01,2.835154858979232E+01,1.171575506127028E+01
2454365.000000000,1.023696705591115E+08,3.570010477862256E+07,9.567174794462752E+06,-1.171228137799783E+01,2.973482240463490E+01,1.411862779885078E+01
2454395.000000000,4.160247430133282E+07,9.244491305847549E+07,3.894126939710154E+07,-3.245005588591806E+01,1.139944002236512E+01,7.181661337495592E+00
2454425.000000000,-4.678800157562994E+07,8.777403651936781E+07,4.243183170970557E+07,-3.164390018481287E+01,-1.483288666884934E+01,-4.671554227059889E+00
2454455.000000000,-1.035111255185749E+08,2.432703051474110E+07,1.747446060794782E+07,-9.486517357915751E+00,-3.115441049954255E+01,-1.341691172123753E+01
2454485.000000000,-9.051223183815901E+07,-5.512635266142508E+07,-1.909638239379944E+07,1.884789456505002E+01,-2.648582307382597E+01,-1.310947023156392E+01
2454515.000000000,-1.720411035468116E+07,-9.756914722190449E+07,-4.283212422421242E+07,3.433466793062215E+01,-4.388043939286868E+00,-4.147433746072351E+00
2454545.000000000,6.749472949209732E+07,-7.557710958972998E+07,-3.829870041816942E+07,2.721499926665753E+01,2.033661341579315E+01,7.427010622891203E+00
2454575.000000000,1.081876219932940E+08,-3.888779158887587E+06,-8.621627609779995E+06,2.329107010006791E+00,3.176589270028070E+01,1.414396463349766E+01
2454605.000000000,7.796443126001859E+07,7.069339366957244E+07,2.684502406984338E+07,-2.434473127390616E+01,2.236736419248430E+01,1.160339575572085E+01
2454635.000000000,-3.981731439430617E+06,9.868997360256848E+07,4.462535946977219E+07,-3.512843284040849E+01,-2.119046154412954E+00,1.269090883770407E+00
2454665.000000000,-8.323779329882817E+07,6.075606130930669E+07,3.257263269783342E+07,-2.231989975137676E+01,-2.539825470198072E+01,-1.001499555031772E+01
2454695.000000000,-1.064083968748473E+08,-1.777458353383816E+07,-1.294063755818201E+06,5.476184585042683E+00,-3.153235465989113E+01,-1.453371249259588E+01
2454725.000000000,-5.840320254381756E+07,-8.407607602394110E+07,-3.416267319624092E+07,2.929417804393118E+01,-1.662244562983242E+01,-9.332754117259730E+00
2454755.000000000,2.814515998483036E+07,-9.450547320005532E+07,-4.433273703719422E+07,3.356224260237911E+01,8.992339630502158E+00,1.921573019195828E+00
2454785.000000000,9.622454086321375E+07,-4.279744870810413E+07,-2.537768562863757E+07,1.591182410033247E+01,2.858046582923233E+01,1.185143350149506E+01
2454815.000000000,1.013253596903470E+08,3.720001905255054E+07,1.029042776623353E+07,-1.226182857310889E+01,2.953428678206453E+01,1.406340339143395E+01
2454845.000000000,3.949270008551450E+07,9.296557044203228E+07,3.929187733671491E+07,-3.267181550692884E+01,1.088682559855242E+01,6.965238536692865E+00
2454875.000000000,-4.883907756416513E+07,8.691448948184736E+07,4.215817412941402E+07,-3.137776764646750E+01,-1.532093645701344E+01,-4.907822916657349E+00
2454905.000000000,-1.043990503171752E+08,2.261098335610053E+07,1.674222106199867E+07,-8.910637490243383E+00,-3.128761878129306E+01,-1.351315409086393E+01
2454935.000000000,-8.992785189195290E+07,-5.660618825568224E+07,-1.981520663936595E+07,1.933951142861146E+01,-2.618445918903396E+01,-1.300486611816897E+01
2454965.000000000,-1.582590180076393E+07,-9.791603264304402E+07,-4.309096395210496E+07,3.442236511320444E+01,-3.869029055782155E+00,-3.919203363826540E+00
2454995.000000000,6.849703141282970E+07,-7.466980805728680E+07,-3.796856228270060E+07,2.685586428265760E+01,2.072974096322991E+01,7.627038814022941E+00
2455025.000000000,1.079102908949149E+08,-2.421250799933936E+06,-7.957238016086767E+06,1.756933298295700E+00,3.177924258565664E+01,1.418666964094698E+01
2455055.000000000,7.632669065860561E+07,7.165116656323493E+07,2.736735199042189E+07,-2.476007220037755E+01,2.198052999638469E+01,1.145604688318531E+01
2455085.000000000,-6.157608782096466E+06,9.836549424226068E+07,4.460569042245079E+07,-3.510013077116872E+01,-2.663811401619918E+00,1.022444935675357E+00
2455115.000000000,-8.473248218675910E+07,5.921501708614296E+07,3.196294396879062E+07,-2.185330967838850E+01,-2.573436766220204E+01,-1.019563328353357E+01
2455145.000000000,-1.064475400077263E+08,-1.963939958789695E+07,-2.141273790286914E+06,6.063507009730377E+00,-3.143238455921031E+01,-1.452578765090749E+01
2455175.000000000,-5.720320839819539E+07,-8.517191119975217E+07,-3.474186897562605E+07,2.960756713655019E+01,-1.616767628202366E+01,-9.147725075533359E+00
