# JPL Horizons, uranus_bary (COMMAND=7)
# center=SSB(500@0) frame=ICRF/FRAME units=KM-S corr=NONE
# jdtdb,x_km,y_km,z_km,vx_kms,vy_kms,vz_kms
2451545.000000000,2.157907312953845E+09,-1.871306838939559E+09,-8.501068000312823E+08,4.646336807878125E+00,4.251152675974153E+00,1.796172785811120E+00
2451575.000000000,2.169914178025344E+09,-1.860256377771337E+09,-8.454368198781198E+08,4.618195725795190E+00,4.275411833564290E+00,1.807195957219468E+00
2451605.000000000,2.181847916380955E+09,-1.849143238487870E+09,-8.407383533481026E+08,4.589912033393245E+00,4.299515327520545E+00,1.818152972386501E+00
2451635.000000000,2.193708159625217E+09,-1.837967825280603E+09,-8.360115722477952E+08,4.561486696148346E+00,4.323462609626204E+00,1.829043577267693E+00
2451665.000000000,2.205494541869464E+09,-1.826730543757336E+09,-8.312566490402735E+08,4.532920682664895E+00,4.347253135186824E+00,1.839867519327816E+00
2451695.000000000,2.217206699738475E+09,-1.815431800932712E+09,-8.264737568410237E+08,4.504214963614177E+00,4.370886363564416E+00,1.850624547776742E+00
2451725.000000000,2.228844272375972E+09,-1.804072005216446E+09,-8.216630694129297E+08,4.475370512211396E+00,4.394361758933605E+00,1.861314413858327E+00
2451755.000000000,2.240406901453129E+09,-1.792651566401860E+09,-8.168247611614424E+08,4.446388305550499E+00,4.417678789262799E+00,1.871936870412404E+00
2451785.000000000,2.251894231178562E+09,-1.781170895657783E+09,-8.119590071311580E+08,4.417269324197681E+00,4.440836925166655E+00,1.882491671402306E+00
2451815.000000000,2.263305908305307E+09,-1.769630405521372E+09,-8.070659830027744E+08,4.388014550690214E+00,4.463835640411149E+00,1.892978572127299E+00
2451845.000000000,2.274641582135295E+09,-1.758030509888559E+09,-8.021458650890354E+08,4.358624969360961E+00,4.486674412880064E+00,1.903397329636711E+00
2451875.000000000,2.285900904525278E+09,-1.746371624003468E+09,-7.971988303302044E+08,4.329101567289101E+00,4.509352724264936E+00,1.913747702623791E+00
2451905.000000000,2.297083529893970E+09,-1.734654164449469E+09,-7.922250562901727E+08,4.299445334077149E+00,4.531870059507188E+00,1.924029451199250E+00
2451935.000000000,2.308189115227699E+09,-1.722878549140261E+09,-7.872247211526154E+08,4.269657261339921E+00,4.554225907281487E+00,1.934242337062323E+00
2451965.000000000,2.319217320086445E+09,-1.711045197310030E+09,-7.821980037168336E+08,4.239738343437246E+00,4.576419759879366E+00,1.944386123435485E+00
2451995.000000000,2.330167806611362E+09,-1.699154529505255E+09,-7.771450833942791E+08,4.209689577526468E+00,4.598451112330429E+00,1.954460574718951E+00
2452025.000000000,2.341040239530493E+09,-1.687206967577715E+09,-7.720661402055094E+08,4.179511962277289E+00,4.620319462596162E+00,1.964465456595665E+00
2452055.000000000,2.351834286161589E+09,-1.675202934675428E+09,-7.669613547762439E+08,4.149206497311380E+00,4.642024312698386E+00,1.974400536504480E+00
2452085.000000000,2.362549616415805E+09,-1.663142855231494E+09,-7.618309083325592E+08,4.118774184358823E+00,4.663565168912577E+00,1.984265583715493E+00
2452115.000000000,2.373185902804581E+09,-1.651027154954443E+09,-7.566749826967125E+08,4.088216028039848E+00,4.684941540654880E+00,1.994060368868950E+00
2452145.000000000,2.383742820446119E+09,-1.638856260820838E+09,-7.514937602839111E+08,4.057533034909844E+00,4.706152940185466E+00,2.003784663834487E+00
2452175.000000000,2.394220047069372E+09,-1.626630601066967E+09,-7.462874240987654E+08,4.026726212928956E+00,4.727198883299439E+00,2.013438241986004E+00
2452205.000000000,2.404617263018211E+09,-1.614350605179635E+09,-7.410561577313442E+08,3.995796571862641E+00,4.748078889218521E+00,2.023020878181089E+00
2452235.000000000,2.414934151255865E+09,-1.602016703887734E+09,-7.358001453534678E+08,3.964745122901637E+00,4.768792480364743E+00,2.032532348700665E+00
2452265.000000000,2.425170397367652E+09,-1.589629329153213E+09,-7.305195717147124E+08,3.933572878057232E+00,4.789339183019779E+00,2.041972431516940E+00
2452295.000000000,2.435325689563642E+09,-1.577188914160306E+09,-7.252146221377441E+08,3.902280850819637E+00,4.809718527744195E+00,2.051340906440611E+00
2452325.000000000,2.445399718684131E+09,-1.564695893305403E+09,-7.198854825139649E+08,3.870870057251038E+00,4.829930048451023E+00,2.060637554730039E+00
2452355.000000000,2.455392178205735E+09,-1.552150702189663E+09,-7.145323393002914E+08,3.839341515188636E+00,4.849973281633551E+00,2.069862158780838E+00
2452385.000000000,2.465302764243837E+09,-1.539553777611387E+09,-7.091553795158052E+08,3.807696242790073E+00,4.869847767311413E+00,2.079014502525110E+00
2452415.000000000,2.475131175553656E+09,-1.526905557555588E+09,-7.037547907372271E+08,3.775935258996668E+00,4.889553049791161E+00,2.088094371756222E+00
2452445.000000000,2.484877113533581E+09,-1.514206481183412E+09,-6.983307610942891E+08,3.744059584395307E+00,4.909088677128688E+00,2.097101553922157E+00
2452475.000000000,2.494540282229212E+09,-1.501456988823008E+09,-6.928834792656958E+08,3.712070240896291E+00,4.928454200827860E+00,2.106035837993753E+00
2452505.000000000,2.504120388336202E+09,-1.488657521960175E+09,-6.874131344750371E+08,3.679968251409957E+00,4.947649176209231E+00,2.114897014587688E+00
2452535.000000000,2.513617141203512E+09,-1.475808523228370E+09,-6.819199164865022E+08,3.647754640446462E+00,4.966673162297626E+00,2.123684875912741E+00
2452565.000000000,2.523030252837836E+09,-1.462910436400105E+09,-6.764040156011368E+08,3.615430434055484E+00,4.985525721081872E+00,2.132399215489416E+00
2452595.000000000,2.532359437905766E+09,-1.449963706379145E+09,-6.708656226533585E+08,3.582996658339095E+00,5.004206417917280E+00,2.141039828338546E+00
2452625.000000000,2.541604413733226E+09,-1.436968779190003E+09,-6.653049290063348E+08,3.550454339350652E+00,5.022714822795201E+00,2.149606511501941E+00
2452655.000000000,2.550764900307385E+09,-1.423926101965899E+09,-6.597221265467448E+08,3.517804504716870E+00,5.041050510034289E+00,2.158099063907000E+00
2452685.000000000,2.559840620281617E+09,-1.410836122939167E+09,-6.541174076805779E+08,3.485048183920761E+00,5.059213057117034E+00,2.166517285873091E+00
2452715.000000000,2.568831298978814E+09,-1.397699291433307E+09,-6.484909653296462E+08,3.452186407087146E+00,5.077202044730258E+00,2.174860979118219E+00
2452745.000000000,2.577736664392123E+09,-1.384516057853609E+09,-6.428429929275081E+08,3.419220204550823E+00,5.095017057566145E+00,2.183129947098704E+00
2452775.000000000,2.586556447186363E+09,-1.371286873676600E+09,-6.371736844148709E+08,3.386150607552193E+00,5.112657684263999E+00,2.191323995005897E+00
2452805.000000000,2.595290380700477E+09,-1.358012191440520E+09,-6.314832342353548E+08,3.352978648048348E+00,5.130123516964338E+00,2.199442929598370E+00
2452835.000000000,2.603938200948237E+09,-1.344692464735622E+09,-6.257718373311884E+08,3.319705358005422E+00,5.147414151944486E+00,2.207486559448779E+00
2452865.000000000,2.612499646619169E+09,-1.331328148192736E+09,-6.200396891382442E+08,3.286331770342189E+00,5.164529189926991E+00,2.215454695048953E+00
2452895.000000000,2.620974459082560E+09,-1.317919697472989E+09,-6.142869855815856E+08,3.252858919823791E+00,5.181468235001569E+00,2.223347148360993E+00
2452925.000000000,2.629362382391090E+09,-1.304467569260068E+09,-6.085139230720558E+08,3.219287841899166E+00,5.198230894120336E+00,2.231163732616149E+00
2452955.000000000,2.637663163280502E+09,-1.290972221251724E+09,-6.027206985025302E+08,3.185619571304003E+00,5.214816778107284E+00,2.238904262744701E+00
2452985.000000000,2.645876551168203E+09,-1.277434112148380E+09,-5.969075092429264E+08,3.151855142748256E+00,5.231225502481994E+00,2.246568555734486E+00
2453015.000000000,2.654002298155109E+09,-1.263853701641590E+09,-5.910745531351216E+08,3.117995592220738E+00,5.247456686765894E+00,2.254156430346979E+00
2453045.000000000,2.662040159028619E+09,-1.250231450404721E+09,-5.852220284888272E+08,3.084041956438581E+00,5.263509953896993E+00,2.261667706845502E+00
2453075.000000000,2.669989891263447E+09,-1.236567820083488E+09,-5.793501340774736E+08,3.049995272267161E+00,5.279384930767083E+00,2.269102207198956E+00
2453105.000000000,2.677851255022783E+09,-1.222863273285513E+09,-5.734590691336930E+08,3.015856577389894E+00,5.295081248152322E+00,2.276459755071367E+00
2453135.000000000,2.685624013160503E+09,-1.209118273571108E+09,-5.675490333452508E+08,2.981626910110574E+00,5.310598540144974E+00,2.283740175604049E+00
2453165.000000000,2.693307931221311E+09,-1.195333285444405E+09,-5.616202268510947E+08,2.947307308223734E+00,5.325936444562271E+00,2.290943295589614E+00
2453195.000000000,2.700902777439116E+09,-1.181508774342432E+09,-5.556728502365531E+08,2.912898809134776E+00,5.341094603838754E+00,2.298068943837801E+00
2453225.000000000,2.708408322737930E+09,-1.167645206623190E+09,-5.497071045281346E+08,2.878402451377091E+00,5.356072664733115E+00,2.305116951046314E+00
2453255.000000000,2.715824340735641E+09,-1.153743049556024E+09,-5.437231911893026E+08,2.843819274840801E+00,5.370870277155712E+00,2.312087149302632E+00
2453285.000000000,2.723150607745623E+09,-1.139802771313695E+09,-5.377213121169943E+08,2.809150319245865E+00,5.385487094262613E+00,2.318979372108714E+00
2453315.000000000,2.730386902775349E+09,-1.125824840962737E+09,-5.317016696374294E+08,2.774396623771376E+00,5.399922773344364E+00,2.325793454768568E+00
2453345.000000000,2.737533007526033E+09,-1.111809728452621E+09,-5.256644665013427E+08,2.739559227822301E+00,5.414176975759755E+00,2.332529234393335E+00
2453375.000000000,2.744588706393376E+09,-1.097757904605701E+09,-5.196099058795013E+08,2.704639170977053E+00,5.428249366622024E+00,2.339186549765103E+00
2453405.000000000,2.751553786467360E+09,-1.083669841107186E+09,-5.135381913582916E+08,2.669637492592551E+00,5.442139615114493E+00,2.345765241436502E+00
2453435.000000000,2.758428037532304E+09,-1.069546010494243E+09,-5.074495269350048E+08,2.634555232462099E+00,5.455847394624102E+00,2.352265151778432E+00
2453465.000000000,2.765211252069120E+09,-1.055386886146000E+09,-5.013441170134766E+08,2.599393431440788E+00,5.469372381932504E+00,2.358686124658645E+00
2453495.000000000,2.771903225256718E+09,-1.041192942275488E+09,-4.952221664005097E+08,2.564153130158461E+00,5.482714256904244E+00,2.365028005315311E+00
2453525.000000000,2.778503754969661E+09,-1.026964653920405E+09,-4.890838803018050E+08,2.528835367997814E+00,5.495872703563143E+00,2.371290640806026E+00
2453555.000000000,2.785012641776136E+09,-1.012702496931450E+09,-4.829294643168541E+08,2.493441184249917E+00,5.508847410495102E+00,2.377473880192627E+00
2453585.000000000,2.791429688939191E+09,-9.984069479613947E+08,-4.767591244341188E+08,2.457971618997691E+00,5.521638070090154E+00,2.383577574220010E+00
2453615.000000000,2.797754702418212E+09,-9.840784844559131E+08,-4.705730670269945E+08,2.422427712517141E+00,5.534244378177429E+00,2.389601575133241E+00
2453645.000000000,2.803987490868564E+09,-9.697175846442881E+08,-4.643714988497845E+08,2.386810504752540E+00,5.546666034353447E+00,2.395545736803171E+00
2453675.000000000,2.810127865641080E+09,-9.553247275294340E+08,-4.581546270333699E+08,2.351121035677077E+00,5.558902742018321E+00,2.401409914769440E+00
2453705.000000000,2.816175640782148E+09,-9.409003928785838E+08,-4.519226590810711E+08,2.315360345063866E+00,5.570954208005156E+00,2.407193966111408E+00
2453735.000000000,2.822130633031843E+09,-9.264450612139844E+08,-4.456758028644987E+08,2.279529471507341E+00,5.582820143080795E+00,2.412897749642403E+00
2453765.000000000,2.827992661821236E+09,-9.119592138015589E+08,-4.394142666186062E+08,2.243629453073936E+00,5.594500262659324E+00,2.418521126193534E+00
2453795.000000000,2.833761549273034E+09,-8.974433326394911E+08,-4.331382589367239E+08,2.207661328703871E+00,5.605994286111733E+00,2.424063958326061E+00
2453825.000000000,2.839437120203739E+09,-8.828979004493265E+08,-4.268479887666486E+08,2.171626137746012E+00,5.617301935867713E+00,2.429526109946830E+00
2453855.000000000,2.845019202122702E+09,-8.683234006677990E+08,-4.205436654070628E+08,2.135524918494096E+00,5.628422937804504E+00,2.434907446467494E+00
2453885.000000000,2.850507625228905E+09,-8.537203174367284E+08,-4.142254985031270E+08,2.099358708150769E+00,5.639357022074548E+00,2.440207835170879E+00
2453915.000000000,2.855902222409535E+09,-8.390891355919549E+08,-4.078936980416005E+08,2.063128543842340E+00,5.650103922903872E+00,2.445427145147745E+00
2453945.000000000,2.861202829239779E+09,-8.244303406534995E+08,-4.015484743464714E+08,2.026835462357819E+00,5.660663378154168E+00,2.450565247095900E+00
2453975.000000000,2.866409283981025E+09,-8.097444188156153E+08,-3.951900380746167E+08,1.990480499662603E+00,5.671035129827533E+00,2.455622013501121E+00
2454005.000000000,2.871521427579823E+09,-7.950318569358089E+08,-3.888186002110647E+08,1.954064691841117E+00,5.681218924038655E+00,2.460597318628931E+00
2454035.000000000,2.876539103668759E+09,-7.802931425252733E+08,-3.824343720648184E+08,1.917589075207873E+00,5.691214510169842E+00,2.465491038186673E+00
2454065.000000000,2.881462158565227E+09,-7.655287637406354E+08,-3.760375652652006E+08,1.881054684803460E+00,5.701021640955729E+00,2.470303049365130E+00
2454095.000000000,2.886290441266915E+09,-7.507392093739341E+08,-3.696283917574470E+08,1.844462553808603E+00,5.710640073554630E+00,2.475033231289712E+00
2454125.000000000,2.891023803448599E+09,-7.359249688403747E+08,-3.632070637973557E+08,1.807813715006137E+00,5.720069569881677E+00,2.479681465166486E+00
2454155.000000000,2.895662099462776E+09,-7.210865321671259E+08,-3.567737939463751E+08,1.771109201713339E+00,5.729309895646064E+00,2.484247633867777E+00
2454185.000000000,2.900205186339785E+09,-7.062243899842827E+08,-3.503287950676608E+08,1.734350046597414E+00,5.738360820004259E+00,2.488731621755624E+00
2454215.000000000,2.904652923785003E+09,-6.913390335150120E+08,-3.438722803218274E+08,1.697537281134073E+00,5.747222116278778E+00,2.493133314992534E+00
2454245.000000000,2.909005174176665E+09,-6.764309545644972E+08,-3.374044631621292E+08,1.660671936342302E+00,5.755893561975915E+00,2.497452601582355E+00
2454275.000000000,2.913261802564696E+09,-6.615006455096886E+08,-3.309255573299287E+08,1.623755042532480E+00,5.764374938413595E+00,2.501689371214032E+00
2454305.000000000,2.917422676667739E+09,-6.465485992889884E+08,-3.244357768501685E+08,1.586787628535930E+00,5.772666031196477E+00,2.505843515442739E+00
2454335.000000000,2.921487666869784E+09,-6.315753093901435E+08,-3.179353360261300E+08,1.549770722385780E+00,5.780766630866847E+00,2.509914927957302E+00
2454365.000000000,2.925456646220097E+09,-6.165812698379147E+08,-3.114244494340935E+08,1.512705352708777E+00,5.788676532329574E+00,2.513903504340992E+00
2454395.000000000,2.929329490434448E+09,-6.015669751841285E+08,-3.049033319190113E+08,1.475592548033356E+00,5.796395533952675E+00,2.517809141682060E+00
2454425.000000000,2.933106077892417E+09,-5.865329204981421E+08,-2.983721985903761E+08,1.438433335108260E+00,5.803923438258323E+00,2.521631738867445E+00
2454455.000000000,2.936786289632915E+09,-5.714796013545884E+08,-2.918312648168986E+08,1.401228739398559E+00,5.811260052920056E+00,2.525371197030783E+00
2454485.000000000,2.940370009352750E+09,-5.564075138201108E+08,-2.852807462207007E+08,1.363979786388957E+00,5.818405190522610E+00,2.529027419456995E+00
2454515.000000000,2.943857123406846E+09,-5.413171544412667E+08,-2.787208586720471E+08,1.326687501511342E+00,5.825358668163369E+00,2.532600311381102E+00
2454545.000000000,2.947247520807410E+09,-5.262090202325685E+08,-2.721518182842167E+08,1.289352909723395E+00,5.832120307761517E+00,2.536089780096950E+00
2454575.000000000,2.950541093223388E+09,-5.110836086635220E+08,-2.655738414079482E+08,1.251977036182089E+00,5.838689936292694E+00,2.539495735078047E+00
2454605.000000000,2.953737734981817E+09,-4.959414176460818E+08,-2.589871446259951E+08,1.214560906634780E+00,5.845067385281442E+00,2.542818087782436E+00
2454635.000000000,2.956837343067932E+09,-4.807829455230668E+08,-2.523919447480887E+08,1.177105546205554E+00,5.851252490898416E+00,2.546056751676930E+00
2454665.000000000,2.959839817122940E+09,-4.656086910546635E+08,-2.457884588051240E+08,1.139611979336496E+00,5.857245095100896E+00,2.549211642718392E+00
2454695.000000000,2.962745059444545E+09,-4.504191534028169E+08,-2.391769040424250E+08,1.102081231672836E+00,5.863045045824864E+00,2.552282679448515E+00
2454725.000000000,2.965552974991590E+09,-4.352148321167779E+08,-2.325574979135134E+08,1.064514330869460E+00,5.868652196163129E+00,2.555269782622162E+00
2454755.000000000,2.968263471388344E+09,-4.199962271202579E+08,-2.259304580746278E+08,1.026912305753979E+00,5.874066404154325E+00,2.558172875094086E+00
2454785.000000000,2.970876458926835E+09,-4.047638386978271E+08,-2.192960023789329E+08,9.892761860457551E-01,5.879287533430496E+00,2.560991882113699E+00
2454815.000000000,2.973391850570326E+09,-3.895181674798656E+08,-2.126543488700304E+08,9.516070033601579E-01,5.884315453498473E+00,2.563726731479314E+00
2454845.000000000,2.975809561959101E+09,-3.742597144277444E+08,-2.060057157755304E+08,9.139057916291236E-01,5.889150039442491E+00,2.566377353398290E+00
2454875.000000000,2.978129511416157E+09,-3.589889808190595E+08,-1.993503215007235E+08,8.761735869911450E-01,5.893791172291343E+00,2.568943680607883E+00
2454905.000000000,2.980351619954333E+09,-3.437064682315811E+08,-1.926883846217580E+08,8.384114291329875E-01,5.898238739355901E+00,2.571425648521549E+00
2454935.000000000,2.982475811287563E+09,-3.284126785278130E+08,-1.860201238790407E+08,8.006203626063273E-01,5.902492633456936E+00,2.573823194912471E+00
2454965.000000000,2.984502011843149E+09,-3.131081138417315E+08,-1.793457581715618E+08,7.628014363110119E-01,5.906552752285258E+00,2.576136259632674E+00
2454995.000000000,2.986430150771811E+09,-2.977932765657628E+08,-1.726655065513460E+08,7.249557027705389E-01,5.910418998867176E+00,2.578364784809275E+00
2455025.000000000,2.988260159958134E+09,-2.824686693360690E+08,-1.659795882171535E+08,6.870842192552596E-01,5.914091282123348E+00,2.580508715104598E+00
2455055.000000000,2.989991974035334E+09,-2.671347950178069E+08,-1.592882225081202E+08,6.491880495032768E-01,5.917569516252058E+00,2.582567997456421E+00
2455085.000000000,2.991625530402312E+09,-2.517921566926729E+08,-1.525916288984315E+08,6.112682636927681E-01,5.920853619915145E+00,2.584542580691673E+00
2455115.000000000,2.993160769239941E+09,-2.364412576474243E+08,-1.458900269924907E+08,5.733259383517978E-01,5.923943516237300E+00,2.586432415516553E+00
2455145.000000000,2.994597633528819E+09,-2.210826013627110E+08,-1.391836365201717E+08,5.353621573505575E-01,5.926839132319208E+00,2.588237454345239E+00
2455175.000000000,2.995936069068513E+09,-2.057166915040664E+08,-1.324726773329189E+08,4.973780118089711E-01,5.929540398279618E+00,2.589957650905828E+00
