# JPL Horizons, jupiter_bary (COMMAND=5)
# center=SSB(500@0) frame=ICRF/FRAME units=KM-S corr=NONE
# jdtdb,x_km,y_km,z_km,vx_kms,vy_kms,vz_kms
2451545.000000000,5.974998767925479E+08,4.089903139317586E+08,1.607562819387201E+08,-7.900525116640771E+00,1.017179630923791E+01,4.552467787262923E+00
2451575.000000000,5.763788761200371E+08,4.349014285557476E+08,1.723772470179653E+08,-8.393381575082662E+00,9.817872184864697E+00,4.412759433252734E+00
2451605.000000000,5.540054539983475E+08,4.598685768822278E+08,1.836240774052695E+08,-8.866718068606337E+00,9.443595118060715E+00,4.263851152315329E+00
2451635.000000000,5.304315873990635E+08,4.838403314162657E+08,1.944734622804148E+08,-9.319480941007749E+00,9.049997599648758E+00,4.106159913821116E+00
2451665.000000000,5.057118889079788E+08,5.067680032582116E+08,2.049032006782760E+08,-9.750690697657117E+00,8.638159373696299E+00,3.940124754595502E+00
2451695.000000000,4.799034108992147E+08,5.286057577675619E+08,2.148922558622292E+08,-1.015944465433046E+01,8.209202182182166E+00,3.766204597572917E+00
2451725.000000000,4.530654438625799E+08,5.493107164559613E+08,2.244208039431781E+08,-1.054491883806877E+01,7.764284303767394E+00,3.584875951088200E+00
2451755.000000000,4.252593101239424E+08,5.688430441011845E+08,2.334702762456160E+08,-1.090636973073459E+01,7.304594699090792E+00,3.396630431499891E+00
2451785.000000000,3.965481534582516E+08,5.871660210775459E+08,2.420233954368824E+08,-1.124313553499094E+01,6.831347544034246E+00,3.201972459220514E+00
2451815.000000000,3.669967266815076E+08,6.042461018888342E+08,2.500642058054690E+08,-1.155463651457675E+01,6.345776936779963E+00,3.001416995887628E+00
2451845.000000000,3.366711789879688E+08,6.200529597885028E+08,2.575780975600083E+08,-1.184037491118285E+01,5.849131485451566E+00,2.795487211250086E+00
2451875.000000000,3.056388439708872E+08,6.345595174840904E+08,2.645518251221995E+08,-1.209993447806762E+01,5.342669012788511E+00,2.584712195931034E+00
2451905.000000000,2.739680294945828E+08,6.477419643855762E+08,2.709735196051150E+08,-1.233297950872014E+01,4.827651460453406E+00,2.369624758117430E+00
2451935.000000000,2.417278106421063E+08,6.595797608578041E+08,2.768326956671302E+08,-1.253925345663370E+01,4.305339978409558E+00,2.150759293801955E+00
2451965.000000000,2.089878267666636E+08,6.700556300523006E+08,2.821202529425948E+08,-1.271857715046968E+01,3.776990214644513E+00,1.928649714395229E+00
2451995.000000000,1.758180834749963E+08,6.791555376116272E+08,2.868284721231652E+08,-1.287084682673785E+01,3.243847715250749E+00,1.703827420191731E+00
2452025.000000000,1.422887599624482E+08,6.868686602101784E+08,2.909510061331199E+08,-1.299603187311426E+01,2.707143981850520E+00,1.476819565194997E+00
2452055.000000000,1.084700229950891E+08,6.931873445002759E+08,2.944828670419735E+08,-1.309417199814060E+01,2.168092882785119E+00,1.248147448412416E+00
2452085.000000000,7.443184851902151E+07,6.981070567642481E+08,2.974204087988998E+08,-1.316537422523890E+01,1.627887086650398E+00,1.018324908633762E+00
2452115.000000000,4.024385113223519E+07,7.016263235456744E+08,2.997613059076241E+08,-1.320980983148631E+01,1.087694708491755E+00,7.878568148064241E-01
2452145.000000000,5.975121588001348E+06,7.037466640679108E+08,3.015045283978354E+08,-1.322771121559213E+01,5.486563497733595E-01,5.572377279839060E-01
2452175.000000000,-2.830592746268630E+07,7.044725156982998E+08,3.026503136309076E+08,-1.321936863761790E+01,1.188270811188825E-02,3.269507995073221E-01
2452205.000000000,-6.253170687406954E+07,7.038111537026528E+08,3.032001354305969E+08,-1.318512664590644E+01,-5.215475484493790E-01,9.746676302926620E-02
2452235.000000000,-9.663558712993443E+07,7.017726052978650E+08,3.031566705298471E+08,-1.312538061137870E+01,-1.050590003747577E+00,-1.307570985268056E-01
2452265.000000000,-1.305520259235030E+08,6.983695587287518E+08,3.025237627002856E+08,-1.304057350036246E+01,-1.574235990532061E+00,-3.572776657762459E-01
2452295.000000000,-1.642166870143180E+08,6.936172693094605E+08,3.013063853699096E+08,-1.293119233850872E+01,-2.091513579942479E+00,-5.816664968884465E-01
2452325.000000000,-1.975665496458142E+08,6.875334627690284E+08,2.995106028508191E+08,-1.279776453676966E+01,-2.601488722845288E+00,-8.035104042957308E-01
2452355.000000000,-2.305400087405602E+08,6.801382355410960E+08,2.971435300404114E+08,-1.264085449489744E+01,-3.103266380383920E+00,-1.022412019994809E+00
2452385.000000000,-2.630769667431099E+08,6.714539526879814E+08,2.942132909076856E+08,-1.246106052477886E+01,-3.595991155699157E+00,-1.237990140742695E+00
2452415.000000000,-2.951189176172408E+08,6.615051449844444E+08,2.907289764270392E+08,-1.225901182272284E+01,-4.078847347073658E+00,-1.449879826967550E+00
2452445.000000000,-3.266090227447964E+08,6.503184061746578E+08,2.867006023745981E+08,-1.203536522466055E+01,-4.551058881174552E+00,-1.657732459660780E+00
2452475.000000000,-3.574921784483348E+08,6.379222899782751E+08,2.821390668162960E+08,-1.179080211911295E+01,-5.011889522379343E+00,-1.861215895447772E+00
2452505.000000000,-3.877150761557856E+08,6.243472069819865E+08,2.770561073927454E+08,-1.152602579456167E+01,-5.460642655635670E+00,-2.060014433620084E+00
2452535.000000000,-4.172262557231251E+08,6.096253226368686E+08,2.714642589043598E+08,-1.124175876815624E+01,-5.896660750062624E+00,-2.253828658239955E+00
2452565.000000000,-4.459761518323215E+08,5.937904565740100E+08,2.653768112806810E+08,-1.093874015442460E+01,-6.319324884267679E+00,-2.442375300340698E+00
2452595.000000000,-4.739171337928774E+08,5.768779831525034E+08,2.588077679201286E+08,-1.061772322348143E+01,-6.728054254534492E+00,-2.625387083124647E+00
2452625.000000000,-5.010035393976125E+08,5.589247334491957E+08,2.517718045115250E+08,-1.027947327125748E+01,-7.122305524270092E+00,-2.802612493241694E+00
2452655.000000000,-5.271917036856751E+08,5.399688993267841E+08,2.442842286175968E+08,-9.924765785332355E+00,-7.501571846182134E+00,-2.973815412625454E+00
2452685.000000000,-5.524399828517562E+08,5.200499403297099E+08,2.363609403356502E+08,-9.554384455433977E+00,-7.865381763648394E+00,-3.138774697547551E+00
2452715.000000000,-5.767087728263329E+08,4.992084929956167E+08,2.280183938836454E+08,-9.169119163716157E+00,-8.213298441828327E+00,-3.297283884674564E+00
2452745.000000000,-5.999605232145638E+08,4.774862821622587E+08,2.192735599457133E+08,-8.769764416866607E+00,-8.544918809412961E+00,-3.449150865436903E+00
2452775.000000000,-6.221597474761044E+08,4.549260347991887E+08,2.101438889832480E+08,-8.357117966291312E+00,-8.859872508877299E+00,-3.594197479237252E+00
2452805.000000000,-6.432730296239114E+08,4.315713966136250E+08,2.006472756397116E+08,-7.931979492230023E+00,-9.157820819483389E+00,-3.732259082530718E+00
2452835.000000000,-6.632690275870535E+08,4.074668513864556E+08,1.908020242461195E+08,-7.495149364853794E+00,-9.438455632649793E+00,-3.863184134026279E+00
2452865.000000000,-6.821184736013453E+08,3.826576429176154E+08,1.806268153844775E+08,-7.047427615472445E+00,-9.701498450906344E+00,-3.986833788296991E+00
2452895.000000000,-6.997941722955132E+08,3.571896997051059E+08,1.701406735602523E+08,-6.589613145547702E+00,-9.946699252359139E+00,-4.103081435307316E+00
2452925.000000000,-7.162709965500399E+08,3.311095626420075E+08,1.593629361006616E+08,-6.122502739667853E+00,-1.017383537597983E+01,-4.211812246422522E+00
2452955.000000000,-7.315258807054714E+08,3.044643151583799E+08,1.483132230536386E+08,-5.646890143690044E+00,-1.038271073074860E+01,-4.312922849156305E+00
2452985.000000000,-7.455378120609013E+08,2.773015154964575E+08,1.370114079626703E+08,-5.163565618487697E+00,-1.057315486531757E+01,-4.406320945596163E+00
2453015.000000000,-7.582878212782402E+08,2.496691315951775E+08,1.254775897151210E+08,-4.673315489161150E+00,-1.074502194513019E+01,-4.491924889889007E+00
2453045.000000000,-7.697589715414582E+08,2.216154784704553E+08,1.137320654286009E+08,-4.176921664342883E+00,-1.089818986008444E+01,-4.569663314024909E+00
2453075.000000000,-7.799363466308283E+08,1.931891577921407E+08,1.017953042654558E+08,-3.675161290063325E+00,-1.103255940024376E+01,-4.639474777078875E+00
2453105.000000000,-7.888070382661803E+08,1.644389995919061E+08,8.968792215373877E+07,-3.168806526703383E+00,-1.114805343079137E+01,-4.701307416729520E+00
2453135.000000000,-7.963601329371105E+08,1.354140061254404E+08,7.743065740553840E+07,-2.658624345544939E+00,-1.124461606166937E+01,-4.755118607444063E+00
2453165.000000000,-8.025866980117800E+08,1.061632977830651E+08,6.504434718122727E+07,-2.145376159595549E+00,-1.132221193873459E+01,-4.800874663750060E+00
2453195.000000000,-8.074797669956475E+08,7.673606047246954E+07,5.254990458137666E+07,-1.629817660191133E+00,-1.138082578317913E+01,-4.838550641037503E+00
2453225.000000000,-8.110343249728826E+08,4.718149431135217E+07,3.996829630356649E+07,-1.112699039242145E+00,-1.142046179490158E+01,-4.868130079131200E+00
2453255.000000000,-8.132472945083691E+08,1.754876401716040E+07,2.732052102895663E+07,-5.947650652897968E-01,-1.144114298826945E+01,-4.889604715926461E+00
2453285.000000000,-8.141175214883186E+08,-1.211304914548754E+07,1.462758848117022E+07,-7.675499704131651E-02,-1.144291066374032E+01,-4.902974259557692E+00
2453315.000000000,-8.136457607150671E+08,-4.175499421891689E+07,1.910499001286362E+06,4.405974985865682E-01,-1.142582401285254E+01,-4.908246218883033E+00
2453345.000000000,-8.118346614903711E+08,-7.132829654557790E+07,-1.080977651107337E+07,9.565642461235676E-01,-1.138995983391373E+01,-4.905435783608004E+00
2453375.000000000,-8.086887537248219E+08,-1.007844030020458E+08,-2.351231633467990E+07,1.470422303910652E+00,-1.133541219306323E+01,-4.894565678353039E+00
2453405.000000000,-8.042144343712797E+08,-1.300750262379609E+08,-3.617626722593418E+07,1.981454031609577E+00,-1.126229206331608E+01,-4.875666001608325E+00
2453435.000000000,-7.984199535665197E+08,-1.591521884005084E+08,-4.878086348813047E+07,2.488947099915596E+00,-1.117072728991176E+01,-4.848774210077612E+00
2453465.000000000,-7.913154013574252E+08,-1.879682648572239E+08,-6.130544603533935E+07,2.992194081477003E+00,-1.106086254741653E+01,-4.813935095129348E+00
2453495.000000000,-7.829126954037827E+08,-2.164760275526391E+08,-7.372948127675425E+07,3.490492198705965E+00,-1.093285912222644E+01,-4.771200680310808E+00
2453525.000000000,-7.732255688474424E+08,-2.446286878031450E+08,-8.603257974970326E+07,3.983143434722365E+00,-1.078689473863267E+01,-4.720630148647847E+00
2453555.000000000,-7.622695577184246E+08,-2.723799389600243E+08,-9.819451471074766E+07,4.469454692162047E+00,-1.062316364964735E+01,-4.662289888353402E+00
2453585.000000000,-7.500619883196297E+08,-2.996839995897678E+08,-1.101952409570948E+08,4.948737626103631E+00,-1.044187690710995E+01,-4.596253607995672E+00
2453615.000000000,-7.366219653742340E+08,-3.264956572552609E+08,-1.220149138925091E+08,5.420308315169261E+00,-1.024326249696247E+01,-4.522602384726137E+00
2453645.000000000,-7.219703605313485E+08,-3.527703123957004E+08,-1.336339086095705E+08,5.883487359825409E+00,-1.002756535425439E+01,-4.441424664428449E+00
2453675.000000000,-7.061298003759331E+08,-3.784640226007990E+08,-1.450328391451135E+08,6.337600033608644E+00,-9.795047674624863E+00,-4.352816403355088E+00
2453705.000000000,-6.891246544466131E+08,-4.035335478308671E+08,-1.561925781586266E+08,6.781976183210285E+00,-9.545989259411021E+00,-4.256881218560641E+00
2453735.000000000,-6.709810233452464E+08,-4.279363963803129E+08,-1.670942769292744E+08,7.215950294152810E+00,-9.280687766003604E+00,-4.153730494615488E+00
2453765.000000000,-6.517267264033502E+08,-4.516308715017926E+08,-1.777193856386293E+08,7.638861753751670E+00,-8.999458986456037E+00,-4.043483506633168E+00
2453795.000000000,-6.313912885534235E+08,-4.745761189060194E+08,-1.880496740460060E+08,8.050055178155366E+00,-8.702637258058081E+00,-3.926267605577643E+00
2453825.000000000,-6.100059264583799E+08,-4.967321755904225E+08,-1.980672527614885E+08,8.448880614901734E+00,-8.390576075499462E+00,-3.802218490626800E+00
2453855.000000000,-5.876035343587375E+08,-5.180600202544338E+08,-2.077545952072195E+08,8.834693618297187E+00,-8.063648627980353E+00,-3.671480435375477E+00
2453885.000000000,-5.642186693426780E+08,-5.385216247501376E+08,-2.170945600129215E+08,9.206855680476643E+00,-7.722248105303856E+00,-3.534206422309020E+00
2453915.000000000,-5.398875351525626E+08,-5.580800065105895E+08,-2.260704138738892E+08,9.564734828776752E+00,-7.366788190137231E+00,-3.390558379938726E+00
2453945.000000000,-5.146479645676340E+08,-5.766992824188282E+08,-2.346658550856441E+08,9.907706156711175E+00,-6.997703638591186E+00,-3.240707448096224E+00
2453975.000000000,-4.885394003214680E+08,-5.943447241777092E+08,-2.428650377498740E+08,1.023515243316858E+01,-6.615450851413591E+00,-3.084834230391980E+00
2454005.000000000,-4.616028743059725E+08,-6.109828151283005E+08,-2.506525966277533E+08,1.054646481392880E+01,-6.220508423881011E+00,-2.923129043939946E+00
2454035.000000000,-4.338809847815976E+08,-6.265813085058576E+08,-2.580136726573224E+08,1.084104366912416E+01,-5.813377726712091E+00,-2.755792191625778E+00
2454065.000000000,-4.054178714107686E+08,-6.411092873754382E+08,-2.649339392561350E+08,1.111829940434330E+01,-5.394583610762392E+00,-2.583034288465815E+00
2454095.000000000,-3.762591882313606E+08,-6.545372262739931E+08,-2.713996294052117E+08,1.137765327179297E+01,-4.964674942641302E+00,-2.405076505210171E+00
2454125.000000000,-3.464520740619670E+08,-6.668370537977470E+08,-2.773975631844845E+08,1.161853859077845E+01,-4.524224880785829E+00,-2.222150714850070E+00
2454155.000000000,-3.160451194592988E+08,-6.779822162486979E+08,-2.829151758597876E+08,1.184040207766966E+01,-4.073831447934113E+00,-2.034499778703656E+00
2454185.000000000,-2.850883304340557E+08,-6.879477428960267E+08,-2.879405467519216E+08,1.204270505214615E+01,-3.614118127197993E+00,-1.842377829826501E+00
2454215.000000000,-2.536330888738046E+08,-6.967103125179259E+08,-2.924624287218841E+08,1.222492480842645E+01,-3.145734265012688E+00,-1.646050473176880E+00
2454245.000000000,-2.217321091493360E+08,-7.042483208930713E+08,-2.964702781447877E+08,1.238655617370501E+01,-2.669355419105483E+00,-1.445794970755897E+00
2454275.000000000,-1.894393905390879E+08,-7.105419492331733E+08,-2.999542853942456E+08,1.252711315269286E+01,-2.185683748856400E+00,-1.241900454435271E+00
2454305.000000000,-1.568101654017678E+08,-7.155732336219649E+08,-3.029054058774488E+08,1.264613056013165E+01,-1.695448365744908E+00,-1.034668120520468E+00
2454335.000000000,-1.239008430686844E+08,-7.193261349760398E+08,-3.053153913937856E+08,1.274316574287652E+01,-1.199405324135883E+00,-8.244112603188112E-01
2454365.000000000,-9.076894873301199E+07,-7.217866085649053E+08,-3.071768214137693E+08,1.281780073275478E+01,-6.983374192239555E-01,-6.114552268702502E-01
2454395.000000000,-5.747305656629474E+07,-7.229426734780228E+08,-3.084831344874473E+08,1.286964444346674E+01,-1.930543498279180E-01,-3.961375624193462E-01
2454425.000000000,-2.407271742990402E+07,-7.227844825009710E+08,-3.092286599574913E+08,1.289833468370800E+01,3.156072453628014E-01,-1.788080583397152E-01
2454455.000000000,9.371618757658828E+06,-7.213043915452050E+08,-3.094086496017627E+08,1.290354029954559E+01,8.267841471691714E-01,4.017134863253747E-02
2454485.000000000,4.279868644870520E+07,-7.184970277928165E+08,-3.090193088669209E+08,1.288496350532664E+01,1.339587161632583E+00,2.604267764402132E-01
2454515.000000000,7.614649415674421E+07,-7.143593561465048E+08,-3.080578275396001E+08,1.284234237580457E+01,1.853101796874970E+00,4.815726217097827E-01
2454545.000000000,1.093524207023407E+08,-7.088907439890709E+08,-3.065224098607382E+08,1.277545336340948E+01,2.366388890937367E+00,7.032117698002912E-01
2454575.000000000,1.423533177367597E+08,-7.020930239844810E+08,-3.044123039332263E+08,1.268411364612171E+01,2.878485608047015E+00,9.249359737177848E-01
2454605.000000000,1.750856185907225E+08,-6.939705535529821E+08,-3.017278298539771E+08,1.256818374043889E+01,3.388406906562597E+00,1.146326412558500E+00
2454635.000000000,2.074854542720980E+08,-6.845302707718925E+08,-2.984704065076221E+08,1.242757030258552E+01,3.895146772179809E+00,1.366954149772028E+00
2454665.000000000,2.394887764165046E+08,-6.737817470941455E+08,-2.946425771550451E+08,1.226222867788410E+01,4.397679551692032E+00,1.586380648975827E+00
2454695.000000000,2.710314865656332E+08,-6.617372359820929E+08,-2.902480334187408E+08,1.207216525421216E+01,4.894961809306666E+00,1.804158509783133E+00
2454725.000000000,3.020495715371416E+08,-6.484117159913690E+08,-2.852916370516067E+08,1.185743986080598E+01,5.385934707009812E+00,2.019832424395524E+00
2454755.000000000,3.324792453150730E+08,-6.338229274377512E+08,-2.797794391202553E+08,1.161816840479270E+01,5.869526489266880E+00,2.232940179058399E+00
2454785.000000000,3.622570978087882E+08,-6.179914028892468E+08,-2.737186966967424E+08,1.135452543161133E+01,6.344654787096188E+00,2.443013587569461E+00
2454815.000000000,3.913202496012146E+08,-6.009404913447199E+08,-2.671178869703382E+08,1.106674617936028E+01,6.810229319892671E+00,2.649579602666103E+00
2454845.000000000,4.196065118309277E+08,-5.826963744731358E+08,-2.599867180967220E+08,1.075512861254805E+01,7.265155220169995E+00,2.852161679012105E+00
2454875.000000000,4.470545515462704E+08,-5.632880742955883E+08,-2.523361365315453E+08,1.042003550619780E+01,7.708336264892933E+00,3.050281108107765E+00
2454905.000000000,4.736040619488191E+08,-5.427474523524710E+08,-2.441783308199622E+08,1.006189611169091E+01,8.138678297796043E+00,3.243458451351269E+00
2454935.000000000,4.991959364559771E+08,-5.211091994227030E+08,-2.355267314204375E+08,9.681207469467791E+00,8.555093093904325E+00,3.431215164196144E+00
2454965.000000000,5.237724458587556E+08,-4.984108147971626E+08,-2.263960061337996E+08,9.278535495343313E+00,8.956502532502430E+00,3.613075353440926E+00
2454995.000000000,5.472774181420459E+08,-4.746925745113401E+08,-2.168020508752058E+08,8.854515970266151E+00,9.341842896194747E+00,3.788567595371856E+00
2455025.000000000,5.696564206722144E+08,-4.499974885316428E+08,-2.067619757549919E+08,8.409855310119587E+00,9.710069083818659E+00,3.957226733197039E+00
2455055.000000000,5.908569435078348E+08,-4.243712469023048E+08,-1.962940864360222E+08,7.945330605189325E+00,1.006015902346817E+01,4.118595765540482E+00
2455085.000000000,6.108285821635567E+08,-3.978621538141021E+08,-1.854178603329531E+08,7.461789285835059E+00,1.039111849715821E+01,4.272227906934857E+00
2455115.000000000,6.295232192731624E+08,-3.705210492734041E+08,-1.741539174843484E+08,6.960148524938814E+00,1.070198586031253E+01,4.417688631426191E+00
2455145.000000000,6.468952039423662E+08,-3.424012184562753E+08,-1.625239860611483E+08,6.441394057224213E+00,1.099183687714708E+01,4.554557784300189E+00
2455175.000000000,6.629015275016865E+08,-3.135582883514454E+08,-1.505508623277059E+08,5.906578603642231E+00,1.125978964227686E+01,4.682431728782878E+00
