# JPL Horizons, sun (COMMAND=10)
# center=SSB(500@0) frame=ICRF/FRAME units=KM-S corr=NONE
# jdtdb,x_km,y_km,z_km,vx_kms,vy_kms,vz_kms
2451545.000000000,-1.067706805380953E+06,-3.960361847959462E+05,-1.380651842868809E+05,9.312571926520472E-03,-1.170150612817771E-02,-5.251266205200356E-03
2451575.000000000,-1.043007347943805E+06,-4.258771215413095E+05,-1.514810985406124E+05,9.746941787582498E-03,-1.132890650367426E-02,-5.103314456414571E-03
2451605.000000000,-1.017169943174763E+06,-4.547621124097330E+05,-1.645196599151356E+05,1.018450393937086E-02,-1.095922946463060E-02,-4.956958596051486E-03
2451635.000000000,-9.901979784551506E+05,-4.827083117230433E+05,-1.771899075197402E+05,1.063448033002042E-02,-1.060213370542866E-02,-4.819457659500345E-03
2451665.000000000,-9.620118957053467E+05,-5.096904822618153E+05,-1.894919409703672E+05,1.111780183575289E-02,-1.020741843874164E-02,-4.668642923204459E-03
2451695.000000000,-9.325830729084642E+05,-5.355513278108661E+05,-2.013560182095688E+05,1.157421315041398E-02,-9.739196548893611E-03,-4.480906286965996E-03
2451725.000000000,-9.020637665153568E+05,-5.601741760789913E+05,-2.127173414150572E+05,1.196729265223008E-02,-9.259054323864821E-03,-4.284934461552035E-03
2451755.000000000,-8.705787585027011E+05,-5.835530863266219E+05,-2.235688573439590E+05,1.232282604730902E-02,-8.781155592012970E-03,-4.088313414507067E-03
2451785.000000000,-8.382143861154600E+05,-6.056906797799557E+05,-2.339044971559244E+05,1.263997306665949E-02,-8.306443864242728E-03,-3.888754976205127E-03
2451815.000000000,-8.050444658158300E+05,-6.266510857766159E+05,-2.437482650893839E+05,1.296128370269335E-02,-7.868161228008199E-03,-3.708310994790200E-03
2451845.000000000,-7.709818545892497E+05,-6.464608599410319E+05,-2.531247946342562E+05,1.332956800359150E-02,-7.407525010985000E-03,-3.523104105049138E-03
2451875.000000000,-7.359508856510377E+05,-6.649756629331799E+05,-2.619766473145517E+05,1.369046323217380E-02,-6.870397479682400E-03,-3.303104234061334E-03
2451905.000000000,-7.000415814297311E+05,-6.820388058790461E+05,-2.702333236227312E+05,1.400939611966641E-02,-6.286207372354427E-03,-3.063751631447409E-03
2451935.000000000,-6.633844437924279E+05,-6.975214831324527E+05,-2.778395224132575E+05,1.426212774235439E-02,-5.652957025496949E-03,-2.801368930240297E-03
2451965.000000000,-6.262186600297710E+05,-7.113244592362780E+05,-2.847389520885514E+05,1.439180117861183E-02,-5.007630208115407E-03,-2.525761035950804E-03
2451995.000000000,-5.888393772769191E+05,-7.235497364438127E+05,-2.909632132687339E+05,1.444463075898520E-02,-4.438224913910800E-03,-2.282659327964651E-03
2452025.000000000,-5.513369421205783E+05,-7.343912503534394E+05,-2.965997654808873E+05,1.449776789793371E-02,-3.933581686622304E-03,-2.069577673554419E-03
2452055.000000000,-5.136801937104614E+05,-7.439610339207859E+05,-3.016980734068857E+05,1.456091877347200E-02,-3.459786163581847E-03,-1.868825735740370E-03
2452085.000000000,-4.758010374423611E+05,-7.523427768112094E+05,-3.062997917571050E+05,1.467709110685275E-02,-3.003896628970901E-03,-1.680971205924731E-03
2452115.000000000,-4.375525405570847E+05,-7.594888475396576E+05,-3.103948528224161E+05,1.483947931357559E-02,-2.495188739630332E-03,-1.471996310270748E-03
2452145.000000000,-3.989216519592770E+05,-7.652103756494710E+05,-3.138946183626504E+05,1.495670539350194E-02,-1.916341423516529E-03,-1.226628328339697E-03
2452175.000000000,-3.600629802081510E+05,-7.694043427519694E+05,-3.167445251217385E+05,1.501658402462540E-02,-1.316891821956493E-03,-9.707473267531855E-04
2452205.000000000,-3.211267401638120E+05,-7.720312921089735E+05,-3.189222808135081E+05,1.501664280860873E-02,-7.077968488192790E-04,-7.077968170418702E-04
2452235.000000000,-2.823000838135341E+05,-7.730946805538756E+05,-3.204174647155976E+05,1.493353644674744E-02,-1.258260760409612E-04,-4.520318867607183E-04
2452265.000000000,-2.437147882785259E+05,-7.727305126662373E+05,-3.212902405648381E+05,1.484157479153289E-02,4.014762377379187E-04,-2.245382456692379E-04
2452295.000000000,-2.053385298236550E+05,-7.710176675946062E+05,-3.215868694925988E+05,1.477175702955331E-02,9.264744903310015E-04,-1.494774868806607E-06
2452325.000000000,-1.671733841511070E+05,-7.679151014491703E+05,-3.212901394235109E+05,1.467385196837034E-02,1.465014515048079E-03,2.287879905876191E-04
2452355.000000000,-1.292790383489623E+05,-7.634140284767526E+05,-3.203987101864835E+05,1.456127735339703E-02,2.011323725884038E-03,4.605334420013222E-04
2452385.000000000,-9.172064848557426E+04,-7.574677101579838E+05,-3.188913140229226E+05,1.440674194594652E-02,2.582726583688520E-03,7.065998496233177E-04
2452415.000000000,-5.469058022687623E+04,-7.500517600051865E+05,-3.167401325395053E+05,1.415562933118231E-02,3.126202644298041E-03,9.475732842083385E-04
2452445.000000000,-1.836176815920695E+04,-7.413237009333409E+05,-3.140063009315984E+05,1.387553275651919E-02,3.596840862974974E-03,1.156690648059500E-03
2452475.000000000,1.726214890267041E+04,-7.314474838495991E+05,-3.107627574391044E+05,1.361468072040659E-02,4.021512657630817E-03,1.345684362143195E-03
2452505.000000000,5.222230505403109E+04,-7.205151739674255E+05,-3.070471757992695E+05,1.337085300297186E-02,4.407350803682032E-03,1.517273542240805E-03
2452535.000000000,8.663370374298526E+04,-7.085945611364796E+05,-3.028996998036106E+05,1.319040240678185E-02,4.797015624107608E-03,1.685050943475014E-03
2452565.000000000,1.206288327734696E+05,-6.955845647324106E+05,-2.982850225971117E+05,1.303417986733604E-02,5.258047209116250E-03,1.883999992963015E-03
2452595.000000000,1.541358413418171E+05,-6.813029507817352E+05,-2.931147874420796E+05,1.281018969172573E-02,5.764893963818189E-03,2.106710926405328E-03
2452625.000000000,1.869742397336664E+05,-6.656862660879444E+05,-2.873567417663389E+05,1.251453390454892E-02,6.284538950406834E-03,2.336428048103352E-03
2452655.000000000,2.189403069259580E+05,-6.487329697631815E+05,-2.810028817132887E+05,1.213105366753598E-02,6.792198019612429E-03,2.565836002337929E-03
2452685.000000000,2.497853415489854E+05,-6.305616469237912E+05,-2.740913518216973E+05,1.166664527429740E-02,7.210941584989116E-03,2.758603418010012E-03
2452715.000000000,2.794353564778729E+05,-6.114261767334655E+05,-2.667386104030579E+05,1.121908342485330E-02,7.543263087157811E-03,2.909304359842322E-03
2452745.000000000,3.079902836112776E+05,-5.914763984595180E+05,-2.590193743044258E+05,1.081501754741777E-02,7.850040988142794E-03,3.047543948495329E-03
2452775.000000000,3.355176232003993E+05,-5.707583940730322E+05,-2.509536526082724E+05,1.043337125385363E-02,8.135119760889854E-03,3.174872749652681E-03
2452805.000000000,3.621048599618164E+05,-5.492876167834045E+05,-2.425551197412197E+05,1.008404981490632E-02,8.437259155380171E-03,3.307906270540464E-03
2452835.000000000,3.877771852112288E+05,-5.269763091909568E+05,-2.337819302758363E+05,9.709718131493669E-03,8.782663281312005E-03,3.465253626136620E-03
2452865.000000000,4.123821182623664E+05,-5.037897910777641E+05,-2.246021750461583E+05,9.270352214049881E-03,9.101075403673628E-03,3.614854410840125E-03
2452895.000000000,4.358189157986608E+05,-4.798350557748519E+05,-2.150592337634856E+05,8.814212244143133E-03,9.375299765050594E-03,3.745249619904734E-03
2452925.000000000,4.580778724056888E+05,-4.552043725337712E+05,-2.051920922624224E+05,8.355490262862258E-03,9.624193913451063E-03,3.866468875903944E-03
2452955.000000000,4.791500673508514E+05,-4.299902253939030E+05,-1.950399631590113E+05,7.912639558540810E-03,9.827765064934255E-03,3.964403357415673E-03
2452985.000000000,4.991376148838575E+05,-4.042502519805912E+05,-1.846419903033947E+05,7.516448072318146E-03,1.003913302630259E-02,4.060650585064393E-03
2453015.000000000,5.181088591538157E+05,-3.778922301172483E+05,-1.739632340309191E+05,7.108796283406887E-03,1.030391871853077E-02,4.182306232367801E-03
2453045.000000000,5.359436587531555E+05,-3.508381492583727E+05,-1.629624959065591E+05,6.644588147005458E-03,1.057090358797282E-02,4.305891898208296E-03
2453075.000000000,5.525054945869897E+05,-3.231050312074227E+05,-1.516451376225320E+05,6.125823075336359E-03,1.082385781217341E-02,4.425290052849131E-03
2453105.000000000,5.676348998645700E+05,-2.947544308352032E+05,-1.400269457931778E+05,5.532316756977091E-03,1.103575726600874E-02,4.533520040778409E-03
2453135.000000000,5.811714449014168E+05,-2.659975911307202E+05,-1.281893741262564E+05,4.918100611796080E-03,1.113667656592568E-02,4.592633143314254E-03
2453165.000000000,5.931841866656919E+05,-2.370879134519146E+05,-1.162510851312290E+05,4.365748384705323E-03,1.116351449192181E-02,4.615450250367400E-03
2453195.000000000,6.038523294301947E+05,-2.081276045741583E+05,-1.042624150756714E+05,3.870763380318735E-03,1.117791679580572E-02,4.633028631173635E-03
2453225.000000000,6.133092709244277E+05,-1.791477496780813E+05,-9.224059490591798E+04,3.436935013862456E-03,1.118817406312262E-02,4.644697357273064E-03
2453255.000000000,6.217049797955012E+05,-1.500849673014035E+05,-8.016668828872383E+04,3.044043227945876E-03,1.124883216251105E-02,4.677112171105689E-03
2453285.000000000,6.290403281292185E+05,-1.207751676212214E+05,-6.796170927425008E+04,2.600459521035676E-03,1.136617155953826E-02,4.740907995785066E-03
2453315.000000000,6.351363789024331E+05,-9.118067304078535E+04,-5.559693689054912E+04,2.095035193718122E-03,1.146448808476298E-02,4.797967726959405E-03
2453345.000000000,6.398700453069081E+05,-6.137698052908664E+04,-4.310342257412401E+04,1.554459844392149E-03,1.152678888171153E-02,4.839910224706472E-03
2453375.000000000,6.431537064627482E+05,-3.146304810743236E+04,-3.051931225903946E+04,9.752023546534904E-04,1.153869182698052E-02,4.862534054554119E-03
2453405.000000000,6.449559206671998E+05,-1.624365079907309E+03,-1.792946175386717E+04,4.245092238135807E-04,1.147774276509262E-02,4.847725941223861E-03
2453435.000000000,6.454074226276486E+05,2.802379352231581E+04,-5.398801132471634E+03,-6.710893205456747E-05,1.140317990531341E-02,4.822692049559077E-03
2453465.000000000,6.445991761604825E+05,5.750805400519964E+04,7.083100582750884E+03,-5.582210386046556E-04,1.134299254432962E-02,4.806495077060742E-03
2453495.000000000,6.425198618192767E+05,8.681980926849763E+04,1.951434922721310E+04,-1.046893853204799E-03,1.127418354266544E-02,4.785711915002742E-03
2453525.000000000,6.391628828522544E+05,1.159516317005892E+05,3.189354306394678E+04,-1.547465112804998E-03,1.120537098995286E-02,4.767756643212316E-03
2453555.000000000,6.344394284009048E+05,1.448762169741319E+05,4.422344524754566E+04,-2.101282307635442E-03,1.109678226176155E-02,4.738938817293328E-03
2453585.000000000,6.282914762106978E+05,1.734078443209060E+05,5.642761550011895E+04,-2.633841375834945E-03,1.090764177535381E-02,4.672633439435898E-03
2453615.000000000,6.208507827951991E+05,2.013898270786324E+05,6.842946624155866E+04,-3.095474835970466E-03,1.068521695302278E-02,4.588860665473695E-03
2453645.000000000,6.122705240516077E+05,2.287966536714193E+05,8.021543053826196E+04,-3.514718512930050E-03,1.045916034216127E-02,4.502918491387075E-03
2453675.000000000,6.026872944130831E+05,2.556310789302131E+05,9.177705431515534E+04,-3.872176193190359E-03,1.025467558516998E-02,4.421147293257667E-03
2453705.000000000,5.922143754274963E+05,2.820159645798865E+05,1.031600242900744E+05,-4.214667547361783E-03,1.011900441486754E-02,4.369604997407681E-03
2453735.000000000,5.807570180453531E+05,3.081099672281882E+05,1.144442993199618E+05,-4.637286312841386E-03,1.001118961634958E-02,4.335653188413885E-03
2453765.000000000,5.681238290099105E+05,3.338867432296557E+05,1.256249445203074E+05,-5.119008952241771E-03,9.869968314661139E-03,4.287948430905892E-03
2453795.000000000,5.541945154673298E+05,3.592283767178776E+05,1.366536706658854E+05,-5.635214654974983E-03,9.675781819979849E-03,4.219382617172986E-03
2453825.000000000,5.388867727687807E+05,3.839565762604760E+05,1.474604033476576E+05,-6.168156247590944E-03,9.385908233882276E-03,4.109918604880775E-03
2453855.000000000,5.222886004830358E+05,4.078209872882839E+05,1.579262897480123E+05,-6.622679424137064E-03,9.021034642118796E-03,3.961620221041444E-03
2453885.000000000,5.046407726977209E+05,4.307243926993026E+05,1.679958979000127E+05,-6.986069541274842E-03,8.658513329753975E-03,3.811896989276182E-03
2453915.000000000,4.860965782818531E+05,4.527106973784245E+05,1.776892010428063E+05,-7.313836767680552E-03,8.307995745717859E-03,3.667679270916786E-03
2453945.000000000,4.667562056811965E+05,4.738195750797358E+05,1.870199270218213E+05,-7.606758838467353E-03,7.985528177681731E-03,3.534644704922913E-03
2453975.000000000,4.466573633244087E+05,4.941444340909948E+05,1.960325145321860E+05,-7.912776218049675E-03,7.702568851669062E-03,3.423563803485100E-03
2454005.000000000,4.256865808812601E+05,5.137130515706919E+05,2.047546840660403E+05,-8.269164267169006E-03,7.387200287051737E-03,3.302035997652122E-03
2454035.000000000,4.038036522827256E+05,5.323969593866512E+05,2.131295805590430E+05,-8.609383859280209E-03,7.022429889062034E-03,3.156464465101470E-03
2454065.000000000,3.810950237261562E+05,5.501081535059747E+05,2.211125550900765E+05,-8.912101027095392E-03,6.643499357675215E-03,3.003697098266169E-03
2454095.000000000,3.576278878981670E+05,5.668065528572276E+05,2.286838319479628E+05,-9.184504237999821E-03,6.239337578046959E-03,2.836393304063744E-03
2454125.000000000,3.335299326855590E+05,5.824665163802012E+05,2.358180575655659E+05,-9.402359114184942E-03,5.849596163812534E-03,2.670336810798050E-03
2454155.000000000,3.088938665294918E+05,5.971805966348492E+05,2.425505147437662E+05,-9.617853249725018E-03,5.510080003434052E-03,2.528527627533209E-03
2454185.000000000,2.836304458109551E+05,6.110131699454709E+05,2.489196648827611E+05,-9.879273204795683E-03,5.158881985518137E-03,2.384089754927704E-03
2454215.000000000,2.576629799061560E+05,6.238932114331071E+05,2.548971756521969E+05,-1.015802523033930E-02,4.771771069709193E-03,2.225052774717588E-03
2454245.000000000,2.309674277106938E+05,6.357180825183373E+05,2.604442596484372E+05,-1.044558472264401E-02,4.340708559256789E-03,2.051000564458839E-03
2454275.000000000,2.035468226851611E+05,6.463107485397105E+05,2.654896708221846E+05,-1.069693060729245E-02,3.821311300151250E-03,1.836108465789400E-03
2454305.000000000,1.756090439917773E+05,6.554976599120569E+05,2.699444056849365E+05,-1.083951764818282E-02,3.267924021651364E-03,1.600512742045189E-03
2454335.000000000,1.474318724665784E+05,6.632952979068473E+05,2.738057276443503E+05,-1.089720071112663E-02,2.754975002677966E-03,1.381955331363474E-03
2454365.000000000,1.191655091259475E+05,6.698058683061331E+05,2.771166834671426E+05,-1.090485146445343E-02,2.278337008585039E-03,1.176555177784728E-03
2454395.000000000,9.092061258155614E+04,6.751632906029922E+05,2.799293525779953E+05,-1.088900960640450E-02,1.867257262112106E-03,9.991007081234060E-04
2454425.000000000,6.266843798721035E+04,6.795438265510367E+05,2.823278795607970E+05,-1.092808967268700E-02,1.512150738106115E-03,8.525060133330686E-04
2454455.000000000,3.422377780459667E+04,6.829657029611232E+05,2.843326946414569E+05,-1.102392803820741E-02,1.120268398868772E-03,6.907552549610864E-04
2454485.000000000,5.520628269237523E+03,6.853054065704561E+05,2.858869009487291E+05,-1.111847433261828E-02,6.779049426713721E-04,5.049428345800648E-04
2454515.000000000,-2.340353475406112E+04,6.864563334397472E+05,2.869415644252957E+05,-1.119804850247078E-02,1.987163827814788E-04,3.035799824946757E-04
2454545.000000000,-5.246852529312824E+04,6.862904408170057E+05,2.874348854804119E+05,-1.121370212375700E-02,-3.290828662563838E-04,7.499618119381855E-05
2454575.000000000,-8.145993486567200E+04,6.847623333175982E+05,2.873315740792265E+05,-1.114305582611049E-02,-8.417417441092827E-04,-1.513735993819385E-04
2454605.000000000,-1.102232551180498E+05,6.819789945577044E+05,2.866774252246890E+05,-1.105377576813537E-02,-1.304839651810054E-03,-3.525199759755815E-04
2454635.000000000,-1.387532782653772E+05,6.780035141907930E+05,2.855060147115941E+05,-1.095898904976696E-02,-1.760864239109590E-03,-5.504128323361464E-04
2454665.000000000,-1.670289042969410E+05,6.728536285523432E+05,2.838266549000861E+05,-1.085687259345119E-02,-2.211224239083283E-03,-7.441605204896885E-04
2454695.000000000,-1.950586458179827E+05,6.665319470360924E+05,2.816502773211204E+05,-1.077155766962546E-02,-2.678493447460342E-03,-9.404550307279192E-04
2454725.000000000,-2.228184772753225E+05,6.589237217926352E+05,2.789274704899910E+05,-1.063423342849740E-02,-3.195987935213437E-03,-1.163121354474290E-03
2454755.000000000,-2.501029911759457E+05,6.499699762760971E+05,2.756184381218827E+05,-1.040299858569979E-02,-3.703620910978830E-03,-1.386612964769959E-03
2454785.000000000,-2.767201700065318E+05,6.397733848057269E+05,2.717619602515525E+05,-1.012927854610824E-02,-4.160286718410897E-03,-1.588158798725751E-03
2454815.000000000,-3.025756406443362E+05,6.284473718929318E+05,2.674006397127032E+05,-9.817343901061400E-03,-4.567657302939507E-03,-1.772526491597542E-03
2454845.000000000,-3.276136017615874E+05,6.161557050069134E+05,2.625998252855997E+05,-9.507773319447603E-03,-4.903006661369201E-03,-1.924984543381198E-03
2454875.000000000,-3.519466599208791E+05,6.030535392976704E+05,2.574386594499751E+05,-9.279079463515321E-03,-5.214063889966156E-03,-2.060497506911091E-03
2454905.000000000,-3.757425502498345E+05,5.890845870541185E+05,2.518996690062653E+05,-9.083018108189123E-03,-5.573729776308480E-03,-2.217596023049856E-03
2454935.000000000,-3.990102404048078E+05,5.741159208087595E+05,2.459225662323727E+05,-8.864169007679229E-03,-5.979815187187201E-03,-2.395644046786175E-03
2454965.000000000,-4.216750271866496E+05,5.580426677566394E+05,2.394630014268398E+05,-8.610238959369101E-03,-6.432999587064301E-03,-2.594423492945063E-03
2454995.000000000,-4.435495142373207E+05,5.407539215777474E+05,2.324611387322528E+05,-8.249139838999902E-03,-6.903326611810142E-03,-2.807581334583824E-03
2455025.000000000,-4.643474196128552E+05,5.223096776543240E+05,2.249289992018960E+05,-7.788809644522538E-03,-7.310461920008355E-03,-2.995897986394108E-03
2455055.000000000,-4.839247666082747E+05,5.029151915675916E+05,2.169589023977149E+05,-7.313759025329560E-03,-7.646660219287836E-03,-3.150844766238485E-03
2455085.000000000,-5.022544388641439E+05,4.827210896185405E+05,2.086173582858648E+05,-6.831043254650501E-03,-7.925952827288420E-03,-3.281284011867384E-03
2455115.000000000,-5.193527577433570E+05,4.618732555702866E+05,1.999714369753624E+05,-6.371601603533324E-03,-8.151397437707531E-03,-3.384664936329967E-03
2455145.000000000,-5.353411294868332E+05,4.404485472755223E+05,1.910675236571698E+05,-5.965501980666256E-03,-8.387267180834530E-03,-3.489489446459144E-03
2455175.000000000,-5.502562132786412E+05,4.183716748914229E+05,1.818683858722135E+05,-5.535451141478203E-03,-8.649208953630366E-03,-3.610281777150886E-03
