# JPL Horizons, mars_bary (COMMAND=4)
# center=SSB(500@0) frame=ICRF/FRAME units=KM-S corr=NONE
# jdtdb,x_km,y_km,z_km,vx_kms,vy_kms,vz_kms
2451545.000000000,2.069804338364514E+08,-1.864170114371795E+05,-5.667227497526179E+06,1.171985008531777E+00,2.390670819417074E+01,1.093392063330765E+01
2451575.000000000,1.998976486619146E+08,6.077391708497617E+07,2.248575840236583E+07,-6.534903614937023E+00,2.275894495358841E+01,1.061583811924463E+01
2451605.000000000,1.739765236018097E+08,1.160531033618033E+08,4.854227840126486E+07,-1.324166012670428E+01,1.960178474466555E+01,9.349063050348191E+00
2451635.000000000,1.326188362433758E+08,1.611307929019718E+08,7.033700614259100E+07,-1.837843408111767E+01,1.498936451007589E+01,7.372355261687138E+00
2451665.000000000,8.028425554302016E+07,1.930309926598168E+08,8.638436686341833E+07,-2.169310377894142E+01,9.533088678259125E+00,4.959333083874310E+00
2451695.000000000,2.174346968228993E+07,2.102973926864675E+08,9.588741514256504E+07,-2.318208689646860E+01,3.780016772469216E+00,2.360821297450372E+00
2451725.000000000,-3.844016630486666E+07,2.127464794354861E+08,9.863860892330047E+07,-2.299329864968212E+01,-1.838266027501750E+00,-2.212242414010329E-01
2451755.000000000,-9.619249257768467E+07,2.011594490681908E+08,9.488611885067172E+07,-2.134521159201460E+01,-7.006406729756259E+00,-2.636253512932274E+00
2451785.000000000,-1.480385682234038E+08,1.770077877642627E+08,8.521092913110264E+07,-1.847559696593311E+01,-1.150249337747958E+01,-4.776055413620896E+00
2451815.000000000,-1.911155014086807E+08,1.422476107054660E+08,7.043285260849528E+07,-1.461653054456632E+01,-1.516995135025156E+01,-6.562540472445159E+00
2451845.000000000,-2.231456425792041E+08,9.918333620809953E+07,5.154727855803804E+07,-9.987458891717189E+00,-1.789303386634693E+01,-7.936687069730308E+00
2451875.000000000,-2.424074654113657E+08,5.038658020900055E+07,2.968718452477199E+07,-4.799397638191759E+00,-1.957892836408415E+01,-8.850220952572919E+00
2451905.000000000,-2.477266643510950E+08,-1.347827456331987E+06,6.102721159230054E+06,7.342242719794897E-01,-2.014703033785874E+01,-9.260402270597062E+00
2451935.000000000,-2.385010698534107E+08,-5.302753940775616E+07,-1.784990076713632E+07,6.382641639409341E+00,-1.952564594133517E+01,-9.128109640538677E+00
2451965.000000000,-2.147675663142246E+08,-1.014904638620340E+08,-4.071934005506758E+07,1.188058354387809E+01,-1.765715649878153E+01,-8.419744670289203E+00
2451995.000000000,-1.773138139629405E+08,-1.434591084595749E+08,-6.098103018581659E+07,1.691146697450206E+01,-1.451380274603962E+01,-7.114017051252836E+00
2452025.000000000,-1.278277656030224E+08,-1.756526565086172E+08,-7.708454174899529E+07,2.109627071221644E+01,-1.012689110803736E+01,-5.215039326356233E+00
2452055.000000000,-6.905830943995982E+07,-1.949940148221298E+08,-8.754420418364218E+07,2.399826192101417E+01,-4.630760216913099E+00,-2.772620847479110E+00
2452085.000000000,-4.926514562373780E+06,-1.989456036188499E+08,-9.109010814012025E+07,2.515939061177152E+01,1.683628716079608E+00,9.217226332511237E-02
2452115.000000000,5.951720762611616E+07,-1.859779642646999E+08,-8.688419683936366E+07,2.418492878599136E+01,8.324514355309834E+00,3.164454099717914E+00
2452145.000000000,1.184222979395321E+08,-1.561017954562859E+08,-7.477322237357940E+07,2.087740737301159E+01,1.460207738482922E+01,6.133156118950151E+00
2452175.000000000,1.658421266131018E+08,-1.112848169618115E+08,-5.549897273633683E+07,1.538109129236080E+01,1.972010729910989E+01,8.629183098371913E+00
2452205.000000000,1.967371919050385E+08,-5.550209436347577E+07,-3.074845594049453E+07,8.252048072600006E+00,2.296245458196452E+01,1.030903175653066E+01
2452235.000000000,2.079709150468194E+08,5.752659234175803E+06,-2.956667704316599E+06,3.743804869002341E-01,2.390450857377426E+01,1.095404976131599E+01
2452265.000000000,1.988875709521298E+08,6.640795056740924E+07,2.510932760348938E+07,-7.266170142744235E+00,2.253191015933840E+01,1.053100483140114E+01
2452295.000000000,1.712393751942787E+08,1.208587657014544E+08,5.083133212314165E+07,-1.383366458179196E+01,1.919962102625762E+01,9.180108203035150E+00
2452325.000000000,1.285732195750900E+08,1.647348837246011E+08,7.210898977105299E+07,-1.879232597548479E+01,1.447503293302142E+01,7.147118995945325E+00
2452355.000000000,7.540904600857894E+07,1.952226361784048E+08,8.752957554992032E+07,-2.191977451983541E+01,8.966826038830469E+00,4.705205531134998E+00
2452385.000000000,1.651345298489366E+07,2.110085745536264E+08,9.636179468060601E+07,-2.323201472525382E+01,3.211085540409429E+00,2.100684465899275E+00
2452415.000000000,-4.359202116001870E+07,2.120204179179046E+08,9.845026160975896E+07,-2.288688962365789E+01,-2.373180921240587E+00,-4.699904087094465E-01
2452445.000000000,-1.008915365861862E+08,1.991199821786239E+08,9.408170541277051E+07,-2.110626149647143E+01,-7.481333465389144E+00,-2.861091574269683E+00
2452475.000000000,-1.519723270663522E+08,1.738353440988166E+08,8.386475598285125E+07,-1.812793694023303E+01,-1.189924105818518E+01,-4.967972325736800E+00
2452505.000000000,-1.940318687856013E+08,1.381626764939543E+08,6.863924952073343E+07,-1.418284397276811E+01,-1.547540565605954E+01,-6.714899231042613E+00
2452535.000000000,-2.248498541465957E+08,9.443606467251456E+07,4.941575819796222E+07,-9.489399355952791E+00,-1.809714358424341E+01,-8.044281443831276E+00
2452565.000000000,-2.427603889688130E+08,4.525067738421279E+07,2.733959497000042E+07,-4.258414918580914E+00,-1.967341374051834E+01,-8.908662352557892E+00
2452595.000000000,-2.466457942248452E+08,-6.578762723802947E+06,3.671593196027039E+06,1.295658265312687E+00,-2.012477829181795E+01,-9.265810517309328E+00
2452625.000000000,-2.359650455253767E+08,-5.804301879361564E+07,-2.022261261567013E+07,6.939559351140551E+00,-1.938082105401324E+01,-9.077124900172945E+00
2452655.000000000,-2.108246759332315E+08,-1.059674678211902E+08,-4.288403192605636E+07,1.240395464093758E+01,-1.738617073841910E+01,-8.309930352169863E+00
2452685.000000000,-1.720943705478758E+08,-1.470703420995269E+08,-6.278390753867806E+07,1.736685506063984E+01,-1.411740205793466E+01,-6.944781071885294E+00
2452715.000000000,-1.215589863755198E+08,-1.780819768365606E+08,-7.837430260508735E+07,2.144339604007426E+01,-9.613639374169017E+00,-4.989222536335479E+00
2452745.000000000,-6.207791255702150E+07,-1.959626901413233E+08,-8.818373263048592E+07,2.419269661024869E+01,-4.021830453014373E+00,-2.498742594783240E+00
2452775.000000000,2.312803704533914E+06,-1.982517072872984E+08,-9.097444326776068E+07,2.515819794119246E+01,2.349386269261463E+00,3.974345968307683E-01
2452805.000000000,6.646450782778387E+07,-1.835465778531891E+08,-8.596403107683547E+07,2.395747203764202E+01,8.987927077571515E+00,3.474768017528924E+00
2452835.000000000,1.244788638708251E+08,-1.520343899623126E+08,-7.307889989975333E+07,2.041994146573728E+01,1.518766871559185E+01,6.413993971551497E+00
2452865.000000000,1.704482436181653E+08,-1.058855984380882E+08,-5.315489739382303E+07,1.472873835801373E+01,2.015007370758851E+01,8.843905887696858E+00
2452895.000000000,1.994765324495750E+08,-4.925722607409451E+07,-2.796637740757976E+07,7.478974947717091E+00,2.317785478640068E+01,1.042858996372096E+01
2452925.000000000,2.086540192699621E+08,1.224922552274331E+07,-3.964321196127217E+03,-4.224262143404772E-01,2.388316141445418E+01,1.096561662118425E+01
2452955.000000000,1.975781241681047E+08,7.255863593746004E+07,2.795669717922746E+07,-7.992711815796383E+00,2.229248668402000E+01,1.044058242059808E+01
2452985.000000000,1.682165801349904E+08,1.261567047738973E+08,5.333316247159968E+07,-1.442018347416796E+01,1.879073389862059E+01,9.008105737969158E+00
2453015.000000000,1.242555355738103E+08,1.688190184186864E+08,7.408819871349706E+07,-1.920130567559639E+01,1.395765689755035E+01,6.920498728127421E+00
2453045.000000000,7.027370495611884E+07,1.978893332295439E+08,8.887973111378035E+07,-2.214208438675609E+01,8.399543150363314E+00,4.450606184111675E+00
2453075.000000000,1.103435313341080E+07,2.121937359870712E+08,9.704060229166137E+07,-2.327771521152213E+01,2.642249660949320E+00,1.840576180192653E+00
2453105.000000000,-4.898192106936969E+07,2.117695442873442E+08,9.846685314867699E+07,-2.277619573723906E+01,-2.907312316779446E+00,-7.184128387529409E-01
2453135.000000000,-1.058176367572927E+08,1.975583228379526E+08,9.348341151775996E+07,-2.086317341518305E+01,-7.955064717439799E+00,-3.085378605434641E+00
2453165.000000000,-1.561230020861186E+08,1.711440602307092E+08,8.272628821765698E+07,-1.777665070078636E+01,-1.229464025147371E+01,-5.159234388946508E+00
2453195.000000000,-1.971567423399988E+08,1.345623596443881E+08,6.705508212910754E+07,-1.374632700000883E+01,-1.577956238656860E+01,-6.866587812027356E+00
2453225.000000000,-2.267564019538449E+08,9.017667675807336E+07,4.749541179497789E+07,-8.989416155058148E+00,-1.830000570721289E+01,-8.151194680543874E+00
2453255.000000000,-2.433118714722469E+08,4.060613684804803E+07,2.520509182860922E+07,-3.716452591651867E+00,-1.976638083327230E+01,-8.966272979448210E+00
2453285.000000000,-2.457623477328822E+08,-1.131339759743992E+07,1.456193479955917E+06,1.856927048719800E+00,-2.010011148464543E+01,-9.269954326856345E+00
2453315.000000000,-2.336289754243309E+08,-6.255396323018285E+07,-2.237537369463515E+07,7.494536729189573E+00,-1.923193910831175E+01,-9.024089026411991E+00
2453345.000000000,-2.070903394130376E+08,-1.099266808165482E+08,-4.482212601253334E+07,1.292237102719793E+01,-1.710897075423751E+01,-8.197011950363976E+00
2453375.000000000,-1.671021429404205E+08,-1.501449768132865E+08,-6.435077005972829E+07,1.781245982681272E+01,-1.371282114589557E+01,-6.771427991729372E+00
2453405.000000000,-1.155512603506219E+08,-1.799522605765533E+08,-7.941660585667533E+07,2.177387828622737E+01,-9.091591286989665E+00,-4.758838426490165E+00
2453435.000000000,-5.541222313653345E+07,-1.963515335319298E+08,-8.856461489448145E+07,2.436226083258364E+01,-3.406223973972422E+00,-2.221056238183448E+00
2453465.000000000,9.162494149066240E+06,-1.969675691276672E+08,-9.059313837031090E+07,2.512435570549795E+01,3.015792676889717E+00,7.039563327030621E-01
2453495.000000000,7.293065983157189E+07,-1.805355159215982E+08,-8.478036989823213E+07,2.369284604046790E+01,9.641955936237824E+00,3.781879877422995E+00
2453525.000000000,1.299583996831459E+08,-1.474273324584293E+08,-7.113657491621768E+07,1.992684595361868E+01,1.575165820188663E+01,6.685998085474507E+00
2453555.000000000,1.743948271594769E+08,-1.000175049518977E+08,-5.059276603240161E+07,1.404949722695456E+01,2.054759453422281E+01,9.044579535434897E+00
2453585.000000000,2.015040637044266E+08,-4.263649423168046E+07,-2.500723598809064E+07,6.692991279192610E+00,2.335500457136971E+01,1.053104808018702E+01
2453615.000000000,2.086112780632117E+08,1.902239055021966E+07,3.080931103016445E+06,-1.217439175688961E+00,2.382461102246092E+01,1.096019972271013E+01
2453645.000000000,1.955629774865044E+08,7.889733302583951E+07,3.089549937970067E+07,-8.706368198974410E+00,2.202263327077602E+01,1.033605071213466E+01
2453675.000000000,1.645296737502248E+08,1.315757163565993E+08,5.589520259430971E+07,-1.498849260107590E+01,1.836077066624035E+01,8.826212815696826E+00
2453705.000000000,1.193219137883074E+08,1.729814504286140E+08,7.610747072645515E+07,-1.959206425954733E+01,1.342807864960204E+01,6.688115439360647E+00
2453735.000000000,6.456587131676602E+07,2.006118790893600E+08,9.025938188768931E+07,-2.234944603080995E+01,7.826705099043662E+00,4.193422970608175E+00
2453765.000000000,5.015873056477271E+06,2.134261422800792E+08,9.774505632206683E+07,-2.331285049329664E+01,2.071925238763839E+00,1.579894606215822E+00
2453795.000000000,-5.488920943681774E+07,2.115650478353426E+08,9.850914178526786E+07,-2.265895714944801E+01,-3.440886295321426E+00,-9.663487203002572E-01
2453825.000000000,-1.112482515311162E+08,1.960458300496914E+08,9.291280773340800E+07,-2.061649743567749E+01,-8.427319928210137E+00,-3.308675748744559E+00
2453855.000000000,-1.607714714526445E+08,1.685064627581701E+08,8.161845930995528E+07,-1.742359413732986E+01,-1.268805300201359E+01,-5.349227970663374E+00
2453885.000000000,-2.007762108275731E+08,1.310214984100673E+08,6.550515448637378E+07,-1.330900080969245E+01,-1.608124300445592E+01,-7.016764514272463E+00
2453915.000000000,-2.291561372952521E+08,8.598386276541865E+07,4.561355444053473E+07,-8.489105510759327E+00,-1.849984885811181E+01,-8.256341079416497E+00
2453945.000000000,-2.443561036717860E+08,3.603665039901260E+07,2.311396069677395E+07,-3.174468821297566E+00,-1.985584678961910E+01,-9.021893549616584E+00
2453975.000000000,-2.453719799421089E+08,-1.596348192965187E+07,-7.104797650762759E+05,2.417910890771275E+00,-2.007165755905869E+01,-9.271974416744364E+00
2454005.000000000,-2.317872235950626E+08,-6.697041224858539E+07,-2.447383879566088E+07,8.048815011891232E+00,-1.907920005819304E+01,-8.968892191874131E+00
2454035.000000000,-2.038529374743043E+08,-1.137814321553274E+08,-4.670032436396234E+07,1.343939844451254E+01,-1.682794053627953E+01,-8.081933365041067E+00
2454065.000000000,-1.626119914745708E+08,-1.531052212275569E+08,-6.585210803810702E+07,1.825533516187978E+01,-1.330439647883123E+01,-6.595882356778814E+00
2454095.000000000,-1.100556238264056E+08,-1.816981655365108E+08,-8.038762591042307E+07,2.209912762694420E+01,-8.565718676372615E+00,-4.526215514964560E+00
2454125.000000000,-4.927712534533823E+07,-1.966067217720096E+08,-8.886859210243316E+07,2.452250280511284E+01,-2.787480274235585E+00,-1.941354446225821E+00
2454155.000000000,1.545052539491839E+07,-1.955443615056871E+08,-9.013079687606302E+07,2.507570564851081E+01,3.682825561688312E+00,1.011463613916632E+00
2454185.000000000,7.878941670536499E+07,-1.773901659004531E+08,-8.351589848778376E+07,2.340792267324589E+01,1.029110812942988E+01,4.087568616978113E+00
2454215.000000000,1.347732155704835E+08,-1.427092666743256E+08,-6.912192453184851E+07,1.941046603915433E+01,1.630211712640477E+01,6.952657898343979E+00
2454245.000000000,1.776176402464873E+08,-9.408656249175760E+07,-4.797823016891976E+07,1.334893331055345E+01,2.092148669387430E+01,9.235203812759929E+00
2454275.000000000,2.027612759868639E+08,-3.602574653226691E+07,-2.202730142193833E+07,5.893270900547765E+00,2.350014605229164E+01,1.061939789934159E+01
2454305.000000000,2.077768626036168E+08,2.569639340663519E+07,6.146789884737438E+06,-2.014833166661258E+00,2.373013742984356E+01,1.093854896282090E+01
2454335.000000000,1.927654796168085E+08,8.504441969566377E+07,3.377303255193242E+07,-9.410665035189394E+00,2.171819447089875E+01,1.021555025469100E+01
2454365.000000000,1.600974493329634E+08,1.367198062188911E+08,5.835710936501054E+07,-1.553814793391551E+01,1.790161227983561E+01,8.630549739688728E+00
2454395.000000000,1.136993763694656E+08,1.768025301907966E+08,7.799493677014285E+07,-1.995860993501747E+01,1.287657085365752E+01,6.445146618711347E+00
2454425.000000000,5.823505041615906E+07,2.029457968713623E+08,9.148411168079767E+07,-2.253069925656346E+01,7.239198505594476E+00,3.928950042437577E+00
2454455.000000000,-1.558591715944096E+06,2.142401429735686E+08,9.827951469914600E+07,-2.332277028550568E+01,1.493051072243827E+00,1.314769962440443E+00
2454485.000000000,-6.129023646588307E+07,2.109262693675963E+08,9.837290477209932E+07,-2.251910009759658E+01,-3.978418375485520E+00,-1.216535863856898E+00
2454515.000000000,-1.171182197796690E+08,1.940931507651973E+08,9.215997825654852E+07,-2.035053298875668E+01,-8.900394874950482E+00,-3.532676388145839E+00
2454545.000000000,-1.658137498251683E+08,1.654293435411338E+08,8.032800651263039E+07,-1.705466205113105E+01,-1.308028938060226E+01,-5.538897563777857E+00
2454575.000000000,-2.047525296529743E+08,1.270459309683002E+08,6.377439088335190E+07,-1.285898498948664E+01,-1.638046702319282E+01,-7.165925178533612E+00
2454605.000000000,-2.318836716695985E+08,8.136400401302236E+07,4.355421347810927E+07,-7.979034931982814E+00,-1.869625837580977E+01,-8.359928093511563E+00
2454635.000000000,-2.457065115738106E+08,3.105024970580717E+07,2.085006812222845E+07,-2.625566178619124E+00,-1.994091838630368E+01,-9.075425336365914E+00
2454665.000000000,-2.452736897929023E+08,-2.101777007680196E+07,-3.043781215616342E+06,2.982805036589537E+00,-2.003778738861087E+01,-9.271349054497747E+00
2454695.000000000,-2.302317090710108E+08,-7.177579519674617E+07,-2.673139267867057E+07,8.603616463333420E+00,-1.892014424394682E+01,-8.910545177434548E+00
2454725.000000000,-2.009052679511842E+08,-1.180081084683114E+08,-4.872903196168432E+07,1.395314678022398E+01,-1.654023578585843E+01,-7.963445799038563E+00
2454755.000000000,-1.584252014163963E+08,-1.564207003651869E+08,-6.749527821369150E+07,1.869099806103396E+01,-1.288998302777564E+01,-6.417150297798754E+00
2454785.000000000,-1.048866836121970E+08,-1.837862399347990E+08,-8.149324231063089E+07,2.241372722123653E+01,-8.036023616258033E+00,-4.291323616987429E+00
2454815.000000000,-4.349951758204108E+07,-1.971987166324692E+08,-8.930330221335635E+07,2.466990485495855E+01,-2.168671055266176E+00,-1.661061567318552E+00
2454845.000000000,2.134696361412949E+07,-1.944640758400302E+08,-8.980052578676607E+07,2.501394136046559E+01,4.344915731757338E+00,1.317267140030109E+00
2454875.000000000,8.422466313896148E+07,-1.746077265008556E+08,-8.239125644148487E+07,2.311187032683196E+01,1.092975782043632E+01,4.388955501941698E+00
2454905.000000000,1.391406708795262E+08,-1.383882953068171E+08,-6.726156588737150E+07,1.888715903469020E+01,1.683682997286209E+01,7.212510224875643E+00
2454935.000000000,1.803826244299990E+08,-8.859911923275244E+07,-4.553838027877598E+07,1.264747541058689E+01,2.127558659274323E+01,9.417014557296600E+00
2454965.000000000,2.035674703523830E+08,-2.991302441427393E+07,-1.924661364400520E+07,5.099810815278427E+00,2.362337084068892E+01,1.069777231183322E+01
2454995.000000000,2.065171988708555E+08,3.181524709924642E+07,8.987139434367092E+06,-2.798665607935038E+00,2.361387910713608E+01,1.090678144787088E+01
2455025.000000000,1.895865327384297E+08,9.058233785678241E+07,3.639970480750667E+07,-1.009493850834830E+01,2.139416069961711E+01,1.008574748069376E+01
2455055.000000000,1.553424293464250E+08,1.412084549194070E+08,6.054590111358760E+07,-1.606286265884541E+01,1.742654099039131E+01,8.427113405956472E+00
2455085.000000000,1.078231437008211E+08,1.799327131317039E+08,7.959162611181302E+07,-2.029706501288698E+01,1.231371238845386E+01,6.196372211035894E+00
2455115.000000000,5.172562774605869E+07,2.045656491783125E+08,9.240576264340645E+07,-2.268236129642945E+01,6.645166715233218E+00,3.660798064907107E+00
2455145.000000000,-8.234560959731542E+06,2.143292773608698E+08,9.850409787424025E+07,-2.330299399477767E+01,9.123121087348638E-01,1.048061777798782E+00
2455175.000000000,-6.771681014837027E+07,2.095633162991704E+08,9.792520730854487E+07,-2.235047693073789E+01,-4.513662575330901E+00,-1.466409315936865E+00
