# JPL Horizons, neptune_bary (COMMAND=8)
# center=SSB(500@0) frame=ICRF/FRAME units=KM-S corr=NONE
# jdtdb,x_km,y_km,z_km,vx_kms,vy_kms,vz_kms
2451545.000000000,2.513978721723721E+09,-3.438170140316856E+09,-1.469851523010959E+09,4.475214621751308E+00,2.877104855637858E+00,1.066200548145841E+00
2451575.000000000,2.525566191862443E+09,-3.430695916939813E+09,-1.467080762345191E+09,4.465727151186515E+00,2.890038291159828E+00,1.071730398612331E+00
2451605.000000000,2.537129012907680E+09,-3.423188205304107E+09,-1.464295681282435E+09,4.456195273486324E+00,2.902944540775652E+00,1.077250228381161E+00
2451635.000000000,2.548667069865344E+09,-3.415647076035976E+09,-1.461496305864778E+09,4.446619073065657E+00,2.915823480729197E+00,1.082759984635675E+00
2451665.000000000,2.560180247961216E+09,-3.408072600082542E+09,-1.458682662271266E+09,4.436998635124263E+00,2.928674987195253E+00,1.088259614521788E+00
2451695.000000000,2.571668432642791E+09,-3.400464848711794E+09,-1.455854776817920E+09,4.427334045549503E+00,2.941498936447333E+00,1.093749065215454E+00
2451725.000000000,2.583131509581281E+09,-3.392823893512238E+09,-1.453012675957627E+09,4.417625391120316E+00,2.954295204861447E+00,1.099228283917661E+00
2451755.000000000,2.594569364674147E+09,-3.385149806393008E+09,-1.450156386280226E+09,4.407872759618903E+00,2.967063668618193E+00,1.104697217736307E+00
2451785.000000000,2.605981884047450E+09,-3.377442659584575E+09,-1.447285934512829E+09,4.398076239598155E+00,2.979804203611025E+00,1.110155813652036E+00
2451815.000000000,2.617368954057529E+09,-3.369702525639216E+09,-1.444401347520043E+09,4.388235920185368E+00,2.992516685685962E+00,1.115604018610233E+00
2451845.000000000,2.628730461292599E+09,-3.361929477430914E+09,-1.441502652303971E+09,4.378351891204913E+00,3.005200990750636E+00,1.121041779566082E+00
2451875.000000000,2.640066292574759E+09,-3.354123588155409E+09,-1.438589876004266E+09,4.368424243293217E+00,3.017856994601253E+00,1.126469043421102E+00
2451905.000000000,2.651376334961965E+09,-3.346284931330585E+09,-1.435663045898305E+09,4.358453067779074E+00,3.030484572893338E+00,1.131885757011464E+00
2451935.000000000,2.662660475749748E+09,-3.338413580796671E+09,-1.432722189401305E+09,4.348438456670260E+00,3.043083601247970E+00,1.137291867142146E+00
2451965.000000000,2.673918602473144E+09,-3.330509610716449E+09,-1.429767334066453E+09,4.338380502762111E+00,3.055653955131575E+00,1.142687320539509E+00
2451995.000000000,2.685150602908626E+09,-3.322573095575834E+09,-1.426798507585175E+09,4.328279299513157E+00,3.068195509749180E+00,1.148072063812207E+00
2452025.000000000,2.696356365075511E+09,-3.314604110184359E+09,-1.423815737787362E+09,4.318134940829962E+00,3.080708140238931E+00,1.153446043531873E+00
2452055.000000000,2.707535777237153E+09,-3.306602729675057E+09,-1.420819052641345E+09,4.307947521139499E+00,3.093191721859409E+00,1.158809206306664E+00
2452085.000000000,2.718688727902619E+09,-3.298569029504255E+09,-1.417808480253856E+09,4.297717135639611E+00,3.105646129841662E+00,1.164161498719821E+00
2452115.000000000,2.729815105828701E+09,-3.290503085451991E+09,-1.414784048870216E+09,4.287443880237336E+00,3.118071239169250E+00,1.169502867247405E+00
2452145.000000000,2.740914800021446E+09,-3.282404973622574E+09,-1.411745786874591E+09,4.277127851328750E+00,3.130466924686665E+00,1.174833258293000E+00
2452175.000000000,2.751987699737374E+09,-3.274274770444717E+09,-1.408693722790088E+09,4.266769145801156E+00,3.142833061241171E+00,1.180152618245913E+00
2452205.000000000,2.763033694484855E+09,-3.266112552671588E+09,-1.405627885278820E+09,4.256367861092464E+00,3.155169523616011E+00,1.185460893457413E+00
2452235.000000000,2.774052674025424E+09,-3.257918397381006E+09,-1.402548303141994E+09,4.245924095083778E+00,3.167476186554568E+00,1.190758030257050E+00
2452265.000000000,2.785044528374838E+09,-3.249692381975326E+09,-1.399455005319896E+09,4.235437946074071E+00,3.179752924916189E+00,1.196043975010405E+00
2452295.000000000,2.796009147804399E+09,-3.241434584181133E+09,-1.396348020891795E+09,4.224909512975841E+00,3.191999613625721E+00,1.201318674094714E+00
2452325.000000000,2.806946422842653E+09,-3.233145082049397E+09,-1.393227379076047E+09,4.214338895339004E+00,3.204216127437159E+00,1.206582073805006E+00
2452355.000000000,2.817856244276706E+09,-3.224823953955939E+09,-1.390093109230304E+09,4.203726193069002E+00,3.216402340981346E+00,1.211834120378041E+00
2452385.000000000,2.828738503152928E+09,-3.216471278601357E+09,-1.386945240851523E+09,4.193071506330491E+00,3.228558129061406E+00,1.217074760106262E+00
2452415.000000000,2.839593090777862E+09,-3.208087135010498E+09,-1.383783803575776E+09,4.182374935744186E+00,3.240683366661417E+00,1.222303939344766E+00
2452445.000000000,2.850419898719558E+09,-3.199671602532205E+09,-1.380608827178174E+09,4.171636582453835E+00,3.252777928777267E+00,1.227521604446916E+00
2452475.000000000,2.861218818808773E+09,-3.191224760839317E+09,-1.377420341572884E+09,4.160856548006552E+00,3.264841690437450E+00,1.232727701770718E+00
2452505.000000000,2.871989743139965E+09,-3.182746689928442E+09,-1.374218376813073E+09,4.150034934342356E+00,3.276874526792545E+00,1.237922177707250E+00
2452535.000000000,2.882732564072434E+09,-3.174237470119727E+09,-1.371002963090846E+09,4.139171843872069E+00,3.288876313026674E+00,1.243104978647635E+00
2452565.000000000,2.893447174231400E+09,-3.165697182056870E+09,-1.367774130737289E+09,4.128267379330169E+00,3.300846924317223E+00,1.248276050973626E+00
2452595.000000000,2.904133466508564E+09,-3.157125906706867E+09,-1.364531910222373E+09,4.117321643599700E+00,3.312786236082363E+00,1.253435341157197E+00
2452625.000000000,2.914791334062689E+09,-3.148523725359147E+09,-1.361276332154637E+09,4.106334739913833E+00,3.324694124092305E+00,1.258582795801133E+00
2452655.000000000,2.925420670320827E+09,-3.139890719624933E+09,-1.358007427280950E+09,4.095306772060517E+00,3.336570464229535E+00,1.263718361544529E+00
2452685.000000000,2.936021368979614E+09,-3.131226971437201E+09,-1.354725226486519E+09,4.084237844215882E+00,3.348415132358498E+00,1.268841985010372E+00
2452715.000000000,2.946593324005971E+09,-3.122532563050513E+09,-1.351429760794854E+09,4.073128060742678E+00,3.360228004518707E+00,1.273953612880206E+00
2452745.000000000,2.957136429637622E+09,-3.113807577040343E+09,-1.348121061367519E+09,4.061977526261868E+00,3.372008957047478E+00,1.279053191943320E+00
2452775.000000000,2.967650580383938E+09,-3.105052096302416E+09,-1.344799159503898E+09,4.050786345751431E+00,3.383757866483256E+00,1.284140669065289E+00
2452805.000000000,2.978135671026726E+09,-3.096266204052226E+09,-1.341464086641004E+09,4.039554624425484E+00,3.395474609575269E+00,1.289215991192813E+00
2452835.000000000,2.988591596620812E+09,-3.087449983824287E+09,-1.338115874353197E+09,4.028282467760352E+00,3.407159063426621E+00,1.294279105404341E+00
2452865.000000000,2.999018252494965E+09,-3.078603519471306E+09,-1.334754554351878E+09,4.016969981675292E+00,3.418811105374767E+00,1.299329958862515E+00
2452895.000000000,3.009415534253030E+09,-3.069726895163849E+09,-1.331380158485388E+09,4.005617272458651E+00,3.430430612810491E+00,1.304368498741166E+00
2452925.000000000,3.019783337774511E+09,-3.060820195390089E+09,-1.327992718738920E+09,3.994224446483668E+00,3.442017463329669E+00,1.309394672289199E+00
2452955.000000000,3.030121559214682E+09,-3.051883504954881E+09,-1.324592267234172E+09,3.982791610198819E+00,3.453571535005480E+00,1.314408426941113E+00
2452985.000000000,3.040430095005130E+09,-3.042916908978528E+09,-1.321178836228862E+09,3.971318870398669E+00,3.465092706330000E+00,1.319409710293002E+00
2453015.000000000,3.050708841854792E+09,-3.033920492895993E+09,-1.317752458116430E+09,3.959806334264965E+00,3.476580855990210E+00,1.324398470017708E+00
2453045.000000000,3.060957696750700E+09,-3.024894342456393E+09,-1.314313165425838E+09,3.948254109177542E+00,3.488035862933802E+00,1.329374653882189E+00
2453075.000000000,3.071176556958462E+09,-3.015838543722127E+09,-1.310860990821261E+09,3.936662302727787E+00,3.499457606479278E+00,1.334338209791457E+00
2453105.000000000,3.081365320022953E+09,-3.006753183068017E+09,-1.307395967101756E+09,3.925031022800054E+00,3.510845966221562E+00,1.339289085754212E+00
2453135.000000000,3.091523883768906E+09,-2.997638347180640E+09,-1.303918127201014E+09,3.913360377418021E+00,3.522200822039861E+00,1.344227229891453E+00
2453165.000000000,3.101652146301110E+09,-2.988494123057331E+09,-1.300427504186959E+09,3.901650474664957E+00,3.533522054304349E+00,1.349152590517919E+00
2453195.000000000,3.111750006004815E+09,-2.979320598004795E+09,-1.296924131261209E+09,3.889901422909307E+00,3.544809543903027E+00,1.354065116147810E+00
2453225.000000000,3.121817361546734E+09,-2.970117859638099E+09,-1.293408041758685E+09,3.878113330952998E+00,3.556063171977289E+00,1.358964755394182E+00
2453255.000000000,3.131854111875916E+09,-2.960885995880156E+09,-1.289879269147423E+09,3.866286307792008E+00,3.567282819869777E+00,1.363851456941357E+00
2453285.000000000,3.141860156223937E+09,-2.951625094960925E+09,-1.286337847028268E+09,3.854420462426416E+00,3.578468369366336E+00,1.368725169644884E+00
2453315.000000000,3.151835394105051E+09,-2.942335245416060E+09,-1.282783809134357E+09,3.842515904010580E+00,3.589619702790012E+00,1.373585842570082E+00
2453345.000000000,3.161779725316775E+09,-2.933016536085673E+09,-1.279217189330621E+09,3.830572741951184E+00,3.600736702880479E+00,1.378433424950666E+00
2453375.000000000,3.171693049940439E+09,-2.923669056113292E+09,-1.275638021613367E+09,3.818591085816481E+00,3.611819252798997E+00,1.383267866188077E+00
2453405.000000000,3.181575268341584E+09,-2.914292894944629E+09,-1.272046340109801E+09,3.806571045360897E+00,3.622867236219206E+00,1.388089115880517E+00
2453435.000000000,3.191426281170639E+09,-2.904888142326348E+09,-1.268442179077553E+09,3.794512730664962E+00,3.633880537219132E+00,1.392897123781411E+00
2453465.000000000,3.201245989363697E+09,-2.895454888305219E+09,-1.264825572904348E+09,3.782416252017159E+00,3.644859040164423E+00,1.397691839756565E+00
2453495.000000000,3.211034294142704E+09,-2.885993223227164E+09,-1.261196556107636E+09,3.770281719677286E+00,3.655802629911030E+00,1.402473213866233E+00
2453525.000000000,3.220791097015440E+09,-2.876503237735667E+09,-1.257555163333955E+09,3.758109243988062E+00,3.666711192006560E+00,1.407241196445143E+00
2453555.000000000,3.230516299776114E+09,-2.866985022770139E+09,-1.253901429358281E+09,3.745898935641502E+00,3.677584612520195E+00,1.411995738037311E+00
2453585.000000000,3.240209804506280E+09,-2.857438669564826E+09,-1.250235389083594E+09,3.733650905626062E+00,3.688422777883937E+00,1.416736789329140E+00
2453615.000000000,3.249871513575351E+09,-2.847864269647785E+09,-1.246557077540479E+09,3.721365265049985E+00,3.699225574985276E+00,1.421464301183582E+00
2453645.000000000,3.259501329640885E+09,-2.838261914839536E+09,-1.242866529886602E+09,3.709042125160932E+00,3.709992891275857E+00,1.426178224683180E+00
2453675.000000000,3.269099155649081E+09,-2.828631697251652E+09,-1.239163781406157E+09,3.696681597423576E+00,3.720724614710067E+00,1.430878511110854E+00
2453705.000000000,3.278664894835220E+09,-2.818973709285476E+09,-1.235448867509346E+09,3.684283793406558E+00,3.731420633773008E+00,1.435565111966498E+00
2453735.000000000,3.288198450723874E+09,-2.809288043630506E+09,-1.231721823731725E+09,3.671848824789649E+00,3.742080837654710E+00,1.440237979031674E+00
2453765.000000000,3.297699727129509E+09,-2.799574793262605E+09,-1.227982685733496E+09,3.659376803619354E+00,3.752705116164749E+00,1.444897064331234E+00
2453795.000000000,3.307168628157587E+09,-2.789834051442703E+09,-1.224231489298999E+09,3.646867842348623E+00,3.763293359507617E+00,1.449542320045491E+00
2453825.000000000,3.316605058205272E+09,-2.780065911715801E+09,-1.220468270336315E+09,3.634322053563297E+00,3.773845458333125E+00,1.454173698531029E+00
2453855.000000000,3.326008921961600E+09,-2.770270467909466E+09,-1.216693064876674E+09,3.621739549905792E+00,3.784361303988327E+00,1.458791152420647E+00
2453885.000000000,3.335380124407895E+09,-2.760447814131938E+09,-1.212905909073700E+09,3.609120444307270E+00,3.794840788535263E+00,1.463394634634827E+00
2453915.000000000,3.344718570818702E+09,-2.750598044770495E+09,-1.209106839202744E+09,3.596464850074735E+00,3.805283804587171E+00,1.467984098318588E+00
2453945.000000000,3.354024166762622E+09,-2.740721254490032E+09,-1.205295891660314E+09,3.583772880784348E+00,3.815690245345852E+00,1.472559496851590E+00
2453975.000000000,3.363296818103057E+09,-2.730817538231392E+09,-1.201473102963417E+09,3.571044650361518E+00,3.826060004675375E+00,1.477120783871736E+00
2454005.000000000,3.372536430999296E+09,-2.720886991209806E+09,-1.197638509748950E+09,3.558280273188439E+00,3.836392976968768E+00,1.481667913225422E+00
2454035.000000000,3.381742911907555E+09,-2.710929708913618E+09,-1.193792148773192E+09,3.545479863948613E+00,3.846689057119746E+00,1.486200838959374E+00
2454065.000000000,3.390916167581538E+09,-2.700945787102716E+09,-1.189934056911172E+09,3.532643537512939E+00,3.856948140750766E+00,1.490719515414701E+00
2454095.000000000,3.400056105073155E+09,-2.690935321806447E+09,-1.186064271155831E+09,3.519771409172886E+00,3.867170124306716E+00,1.495223897260948E+00
2454125.000000000,3.409162631734039E+09,-2.680898409321754E+09,-1.182182828617281E+09,3.506863594915326E+00,3.877354904815550E+00,1.499713939401462E+00
2454155.000000000,3.418235655217267E+09,-2.670835146211922E+09,-1.178289766522303E+09,3.493920211306357E+00,3.887502379744600E+00,1.504189596910580E+00
2454185.000000000,3.427275083478582E+09,-2.660745629305263E+09,-1.174385122213838E+09,3.480941375319949E+00,3.897612447167273E+00,1.508650825099259E+00
2454215.000000000,3.436280824777597E+09,-2.650629955693386E+09,-1.170468933150308E+09,3.467927204486010E+00,3.907685005834218E+00,1.513097579545488E+00
2454245.000000000,3.445252787679442E+09,-2.640488222729599E+09,-1.166541236904982E+09,3.454877817007971E+00,3.917719955051798E+00,1.517529816050669E+00
2454275.000000000,3.454190881056409E+09,-2.630320528027483E+09,-1.162602071165398E+09,3.441793331682967E+00,3.927717194704757E+00,1.521947490647884E+00
2454305.000000000,3.463095014089551E+09,-2.620126969459240E+09,-1.158651473732716E+09,3.428673867994736E+00,3.937676625358618E+00,1.526350559636212E+00
2454335.000000000,3.471965096270825E+09,-2.609907645154057E+09,-1.154689482521073E+09,3.415519546389981E+00,3.947598148112573E+00,1.530738979520688E+00
2454365.000000000,3.480801037405664E+09,-2.599662653497049E+09,-1.150716135557191E+09,3.402330488263857E+00,3.957481664371024E+00,1.535112706920513E+00
2454395.000000000,3.489602747615086E+09,-2.589392093128418E+09,-1.146731470980058E+09,3.389106815696210E+00,3.967327075951941E+00,1.539471698611080E+00
2454425.000000000,3.498370137337456E+09,-2.579096062942065E+09,-1.142735527040386E+09,3.375848651526031E+00,3.977134285293092E+00,1.543815911610718E+00
2454455.000000000,3.507103117330891E+09,-2.568774662084069E+09,-1.138728342100028E+09,3.362556119678560E+00,3.986903195327736E+00,1.548145303131063E+00
2454485.000000000,3.515801598676238E+09,-2.558427989951729E+09,-1.134709954631600E+09,3.349229345235783E+00,3.996633709258004E+00,1.552459830482051E+00
2454515.000000000,3.524465492779940E+09,-2.548056146192925E+09,-1.130680403218263E+09,3.335868454332132E+00,4.006325730547222E+00,1.556759451062285E+00
2454545.000000000,3.533094711376783E+09,-2.537659230705385E+09,-1.126639726553469E+09,3.322473574218511E+00,4.015979162936187E+00,1.561044122365886E+00
2454575.000000000,3.541689166532990E+09,-2.527237343636134E+09,-1.122587963440789E+09,3.309044833378527E+00,4.025593910290453E+00,1.565313801920839E+00
2454605.000000000,3.550248770649275E+09,-2.516790585381330E+09,-1.118525152793873E+09,3.295582361387560E+00,4.035169876528507E+00,1.569568447264398E+00
2454635.000000000,3.558773436463501E+09,-2.506319056585939E+09,-1.114451333636361E+09,3.282086288836298E+00,4.044706965773187E+00,1.573808016000035E+00
2454665.000000000,3.567263077053634E+09,-2.495822858143189E+09,-1.110366545101708E+09,3.268556747620047E+00,4.054205082295766E+00,1.578032465774026E+00
2454695.000000000,3.575717605841412E+09,-2.485302091194602E+09,-1.106270826433240E+09,3.254993871083609E+00,4.063664130191555E+00,1.582241754139437E+00
2454725.000000000,3.584136936595844E+09,-2.474756857130688E+09,-1.102164216984502E+09,3.241397793783109E+00,4.073084013253400E+00,1.586435838504637E+00
2454755.000000000,3.592520983436018E+09,-2.464187257591574E+09,-1.098046756219565E+09,3.227768651281713E+00,4.082464635108482E+00,1.590614676185541E+00
2454785.000000000,3.600869660833813E+09,-2.453593394467361E+09,-1.093918483713239E+09,3.214106580260136E+00,4.091805899224823E+00,1.594778224413269E+00
2454815.000000000,3.609182883616914E+09,-2.442975369898760E+09,-1.089779439151373E+09,3.200411718560492E+00,4.101107708737132E+00,1.598926440267065E+00
2454845.000000000,3.617460566971611E+09,-2.432333286278042E+09,-1.085629662331290E+09,3.186684205018391E+00,4.110369966417856E+00,1.603059280657648E+00
2454875.000000000,3.625702626445309E+09,-2.421667246249911E+09,-1.081469193162207E+09,3.172924179454577E+00,4.119592574704191E+00,1.607176702332719E+00
2454905.000000000,3.633908977949205E+09,-2.410977352712573E+09,-1.077298071665733E+09,3.159131782740231E+00,4.128775435516875E+00,1.611278661804071E+00
2454935.000000000,3.642079537760749E+09,-2.400263708819294E+09,-1.073116337976572E+09,3.145307156542827E+00,4.137918450130304E+00,1.615365115299133E+00
2454965.000000000,3.650214222525218E+09,-2.389526417979917E+09,-1.068924032343187E+09,3.131450442970501E+00,4.147021519342193E+00,1.619436018830370E+00
2454995.000000000,3.658312949256745E+09,-2.378765583861816E+09,-1.064721195128249E+09,3.117561784556062E+00,4.156084543643265E+00,1.623491328265545E+00
2455025.000000000,3.666375635339643E+09,-2.367981310390798E+09,-1.060507866809043E+09,3.103641324404705E+00,4.165107423100182E+00,1.627530999283511E+00
2455055.000000000,3.674402198529738E+09,-2.357173701752431E+09,-1.056284087978059E+09,3.089689206012087E+00,4.174090057211282E+00,1.631554987313995E+00
2455085.000000000,3.682392556954931E+09,-2.346342862393390E+09,-1.052049899343585E+09,3.075705572944821E+00,4.183032345044943E+00,1.635563247588725E+00
2455115.000000000,3.690346629115252E+09,-2.335488897022366E+09,-1.047805341730140E+09,3.061690568772955E+00,4.191934185356925E+00,1.639555735194096E+00
2455145.000000000,3.698264333882793E+09,-2.324611910610919E+09,-1.043550456078854E+09,3.047644336974657E+00,4.200795476566028E+00,1.643532405069752E+00
2455175.000000000,3.706145590501120E+09,-2.313712008394207E+09,-1.039285283447787E+09,3.033567020659284E+00,4.209616116898881E+00,1.647493212067767E+00
